audio_filename,transcript
47b14076c815431aa76c22ceebd09e8c.mp3,hello world
048478e93e024ce49a015a47b321e11b.mp3,hello world
71b740901fb141fa8511babc855e2f7c.mp3,hello world
0f6f42b6a7b5470093937caba4c6b31d.mp3,hello world
25e7c8117c36422a8e92302c6970aecc.mp3,hello world
30ff18cfe8be4025aa33ea6af4fbc3b5.mp3,hello world
15018d87df3a4210a5c7209ee38ad53a.mp3,hello world
8752f682082c46aa95eb8b65b77cb8c5.mp3,hello world
5aced7f87f284d938e43bff4f4fa2810.mp3,hello world
e0603b958433403b8e9dbd762a0898e2.mp3,hello world
9321f98bc20f44b18b5fc0761679d50d.mp3,hello world
a61adca646174b099f0de82f42ffdd0f.mp3,hello world
e9d984e414f243a28a4fd468ff53c690.mp3,hello world
fc0d12bc93224f40a1657da467f282db.mp3,hello world
8971ed43f7ec4090a8b78abccb2bf1c7.mp3,hello world
1ee9269fd30644d9b7168c464a7fd878.mp3,hello world
31ac794307954cf1b2310ae402e3e74d.mp3,hello world
2afbb9abbdf84582bd0c3da1636f041c.mp3,hello world
d16ddbfd6fc34cad9e04e50c854a4f3d.mp3,hello world
da3ae5afb0f1445ba2ea8af81b6d1a63.mp3,hello world
0fd3ac2bc58c4a688f42ff54b51b7f8f.mp3,hello world
ee50cf7fff75451fb41ec2eca0e815c9.mp3,hello world
0f6257411b614057b74a36eb39337d8d.mp3,hello world
0059b0fbb385406eaa077d4abe18caf6.mp3,hello world
3209ea054e084972ad544cb728c007de.mp3,hello world
206df2f056c146a8b24381610fd18c08.mp3,hello world
e7c6db4e03db4c449bdc0e243b06d286.mp3,hello world
ea647188b97d472bbdbc5d019524c742.mp3,hello world
9b9ac35c7134475aa5922000ba9ccee5.mp3,hello world
b3a0f24fe6b24c73b5150aab3c7a14b7.mp3,hello world
9550474404a74523be98a329840eda9d.mp3,hello world
8bc1dee92642441db38c6e4cbc033d29.mp3,hello world
6b262fef4dd74d06814cf05f27d464a1.mp3,hello world
9cf57fb021424d6c9105e71653fc6843.mp3,hello world
b02e5ca1d076432185767bff6e73d261.mp3,hello world
f6d041ec9e4f48d788960bac151ca5bb.mp3,hello world
553a9663be174998805bc3109ede7d37.mp3,hello world
c5035d9349dd4bf1a6f522ce2d4f9deb.mp3,hello world
409b8a5839d844818d991927c0f06a8a.mp3,hello world
25cc887730f34fd094c2be66da8ccfa5.mp3,hello world
642dcf3f347343cc9c3b8faa25b83b5c.mp3,hello world
5466ef9548fc47949d5a67ca77ca730a.mp3,hello world
eb2057c44db0416a8d35c0a793d0c7e0.mp3,hello world
959460edc3ea4540a668c1bd7f9431fb.mp3,hello world
34695087952a4c508e47308392457ddc.mp3,hello world
57bded9c67fd46fd830904ce3c8b760f.mp3,hello world
be228aa4f6ed42c5a8c7cbca5142650f.mp3,hello world
5f90cd1261944a39ab7dc137af3d5bf4.mp3,hello world
7d8fbd13996f4082bb82a3e8005bba22.mp3,hello world
0f8c0c579f974746bd13cafcbabf83f2.mp3,hello world
441b8c4d385e4c19b4cc8793b1f33e8b.mp3,hello world
83a31cc19ef14c2a865924205bdcced1.mp3,hello world
ed20b9e43dbb4de9b7d93661b71941a3.mp3,hello world
e8ca2b8e6c1f4f23b72a3a9c36d55146.mp3,hello world
6a1a9a9be1574fd4b2824aa296544bfb.mp3,hello world
6c4850d11c264656934c114e0b89f111.mp3,hello world
3f0c660bcb204d5098a1b6f0a15b2996.mp3,hello world
4d74f17bfb0940f186e011c793a66a37.mp3,hello world
0089691077304330b491ccbd92c87bb2.mp3,hello world
8cb50c76c82a417f96e45706348a2201.mp3,hello world
9d8d5ff2e65640c78799251e4ab3ea1f.mp3,hello world
285c2c30e77641bca930e455e8f9890a.mp3,hello world
4e1c43d4594e4beda5f53db6b91cfa71.mp3,hello world
45d0e0e93fc54a71b37121daa937d7f9.mp3,hello world
d0bee27167914841b98b152f16c8b404.mp3,hello world
57a6c7b152a04d0f9ca0ccef768a1827.mp3,hello world
8119d3350b7943b48d5d64311af3b24d.mp3,hello world
0c8d7d674c4f4351bc9b3fcce657aa6b.mp3,hello world
f11dfb1e82ca4c5da51f7207d990f1fd.mp3,hello world
ecf624d1efa94af1875e102dbc0f011f.mp3,hello world
9ec0bc5a4abb4fbfb9a8510f9b8e41bb.mp3,hello world
0f560e35925849c7b7f2be8a1839b55b.mp3,hello world
86b32d595d37443ebb40aa6b142a1858.mp3,hello world
4620991fe1dc46ecabc168447d92f929.mp3,hello world
bdd26b6d86ef435faf87b59f75aca2ca.mp3,hello world
f7bf2dab4bc64b2ca4965e6f5b2320cc.mp3,hello world
4a35f38eca624b20be80637eb8283322.mp3,hello world
cc6a9bd142524d189686b912097eeb3e.mp3,hello world
c507127e7b1d4315bcbe63576bf596e8.mp3,hello world
edd443e77aa24aee9c0ebe6d8232edcd.mp3,hello world
faf55385f09a49508840a86bef5a856b.mp3,hello world
930839a5faac4be3ba41d794adbf60ef.mp3,hello world
8b11805cfb3440018e030d732b6a1cb0.mp3,hello world
b81eebe4f434466c99bf4202c4016cb3.mp3,hello world
5e2fb55686714342895e77c459b12ba9.mp3,hello world
c2eca17f736d4ed8bb75784eb7a68f09.mp3,hello world
aa42a1fc7e5648ab955358fbae68956d.mp3,hello world
cb68f0a8962a4ebc947486f34bc5d5d9.mp3,hello world
1ef66005ffa8477c8dd4a45e98e109ce.mp3,hello world
7df2478cd09543608bd27b1e5c38ee04.mp3,hello world
dc6725d4943b4ed18b0d35ffbbf890f1.mp3,hello world
a0fa7d3864694dc19b163722c211a79e.mp3,hello world
1fb401ad47634a2fbc575ea56fabd853.mp3,hello world
37c10239f9d0439c8b3f87e89be0698c.mp3,hello world
c5423b5a5fa34739a5777c7648182869.mp3,hello world
f0e1184bfe2a4f10b4ca108c156daa89.mp3,hello world
5f9d1eab6409472f98336e1f0a853ecc.mp3,hello world
d081c051af6446c0ab769fc0fb875df9.mp3,hello world
ccb1619d24e141df8962d9b3ef0001aa.mp3,hello world
1af9743bfc5547a7991db806790b8e74.mp3,hello world
d5350cb99cb847d5b3a0bf440652ba1e.mp3,hello world
08bf43c84e1644c5994da97b7fb96592.mp3,hello world
cc0b690ae7ec497e97d815c6d1336b02.mp3,hello world
55e5e2a6c4b243ba94659aa61e61bf62.mp3,hello world
32e971c0359443259b7934886f3e0ba5.mp3,hello world
1ae301d2efb444a69becb2ba202185b1.mp3,hello world
c9a6919fe9aa4bd9856d57ffbd1fd1a6.mp3,hello world
8e58ea39b7a64cc8803325570c839d2e.mp3,hello world
b7806b0f91d3465f8766c32c4a5120eb.mp3,hello world
d08f4857224541c4b7f3b64b437411bd.mp3,hello world
412c99511f974e9db021c85c5f208766.mp3,hello world
d4e9b1afb9fd4cebb69398a82b2cc7ff.mp3,hello world
04b5bc44cb944c258445b6bae3a59d95.mp3,hello world
b07b1f957baa4306bdfdbbc9f558b868.mp3,hello world
dcbe4f5042bd4c7793b55a47a2dea157.mp3,hello world
d413668fd6b94a0186554d3d57f35c00.mp3,hello world
3f7693b3dbed44c49ffb92f7c3fb0003.mp3,hello world
cd2144af767544b68ea89eac91b3b02e.mp3,hello world
3ab2c84c2e534716987ca6a7d8254ed2.mp3,hello world
a1dd05cb577f4efab1ea0b049b6cd5d8.mp3,hello world
aa5f545152ff4ed79a9a120c2ff6e418.mp3,hello world
6e1f0f65be85488690c27e6355d7aa6e.mp3,hello world
79ce837d111e4b529c9c36620c89d5b5.mp3,hello world
816ff69b506d4585bacf9c906b38369f.mp3,hello world
6c89d3e447d74a068b37dfda39647672.mp3,hello world
50452333033c42578b8ef39621c464d0.mp3,hello world
6f18f083cc00425895f015aecf327524.mp3,hello world
1e8854eb392b4ebea509902ab021ab14.mp3,hello world
6f302f3c5dac4372b9d6622bbeb3d8cb.mp3,hello world
1a28e454fa644ab29d6eaf7f0336dba0.mp3,hello world
ba5d703357334accab206a73381b670b.mp3,hello world
ed53134f20094475b0695f5c3ca8c9d2.mp3,hello world
60f5f1f6d15744a0922e226f6c1c7908.mp3,hello world
e8cb569bc5694540a33b6caa1735f93c.mp3,hello world
626a3303349b47dab5c7e4485cea3d18.mp3,hello world
96704f49185b4bc0bfa2c16ee6084bcb.mp3,hello world
be33241bbb58422ca4ef76e8700054f3.mp3,hello world
a0fc3fea72174c99aa334de9cac5a414.mp3,hello world
17009a23592c43dd847474b8660e53b9.mp3,hello world
44500e2b469943739f75256e0c2d2551.mp3,hello world
6359aebfd05148049924280df17e0208.mp3,hello world
cc7cd1738853416f898a5bbf6fde8b10.mp3,hello world
034b9fc5d0944462bfbc67cf2db1d1f7.mp3,hello world
cdc350fbd332485087f26d8f494360c4.mp3,hello world
0526f07553b44501a6c44a9c31fce91e.mp3,hello world
63ab9f6a1a7f470aae78e4096d34914c.mp3,hello world
7ec4f1d4d75c4b9e8eb51786a52f1aa4.mp3,hello world
e76e21b7802d4c4997ecc04ccfd9fffd.mp3,hello world
544e59aad4254f9b8a9c2c44f3f743cb.mp3,hello world
87408df9832a4ffabb8ee8462f571a4c.mp3,hello world
a22083c9ec0249cfa22793ca5c4030c3.mp3,hello world
3e0c114a18514e93a71f89b0be578688.mp3,hello world
c25054d2db274efd94b228de7399df4b.mp3,hello world
c490c2402afc466b91de0bd177039bb5.mp3,hello world
ce0d9662220542268b940020b241dde3.mp3,hello world
0be745fbd57b4d1088a7a74d0bf26bfb.mp3,hello world
158bbfbd6ddb4330aa88966d1ceb76fd.mp3,hello world
f01afe27321b4d67bea5aa4aaac797b8.mp3,hello world
bfa046143cc34bd58e0562806712af04.mp3,hello world
bca5774805d4442ea1cc82e4112c08ca.mp3,hello world
ac62e93fd2ad44a3b4d90e750747fdf2.mp3,hello world
105ce9e26ec34d8eb4fc5c262d4fd92c.mp3,hello world
4a213ebf035c4a6891793ec4a8071328.mp3,hello world
c6f9b476ad124bfeb9b3446a9e7ead6f.mp3,hello world
c2252a97412a497396ec6ea6bcc5b4e4.mp3,hello world
0d848a06a6094ad48d90b6c5db209f43.mp3,hello world
238b1f43661c480295c0d5d76916f2c3.mp3,hello world
d440e5a2d3b7428f8ef7149b97e67af5.mp3,hello world
3da3068ce5504a06ab5e8bce180c2fb7.mp3,hello world
da4f8982b4044197b5828ae27f95f432.mp3,hello world
ddda92bcf45d427a90d10b9f5331d5fb.mp3,hello world
e01b1089877943bb8bdedba6741f8823.mp3,hello world
d8a84341f4714d99b4f4078bf98b3e25.mp3,hello world
02bf92e998c546e5bc364f854c913112.mp3,hello world
05be4e69d15f45619c864511835155bb.mp3,hello world
483f840d7b0b4784befc97aee3ddff37.mp3,hello world
54cb73f7edef442e87c549e9885b5dc6.mp3,hello world
88c9ae4985164cd1b9c3bce58abe8d29.mp3,hello world
ea6e1fb41b3f4d938d9665b9b9ba9474.mp3,hello world
c69f2aabdb6a46e0a62fef20ceea9fcf.mp3,hello world
26fc17279a6848678175eaea5a5712aa.mp3,hello world
60c77e76c0c54db5af8144741706b869.mp3,hello world
6642b40709ad473faac74d91f61ee482.mp3,hello world
3f8f9dba28d64d59827e45b2b0e4f7b4.mp3,hello world
31c4b329ecce45f6916a5744e7e59168.mp3,hello world
0df814c202aa4cb9bed92218373b12e1.mp3,hello world
0dcc3952eb0745de9554052a2db4cf31.mp3,hello world
5e371f4d825b4e048f16f946ae2919ec.mp3,hello world
6fee790bfca140269f911e997f3adc40.mp3,hello world
88f4ddb34f3349c7b662d16139701d85.mp3,hello world
88917695024245b9b17d00c3b6af9ebc.mp3,hello world
46cfc722b0754ef2ad885ce2d814a147.mp3,hello world
5f958499f9df4860b1b55a61b4a3f6ee.mp3,hello world
4c97da2de1064a7ead36d9abcfb1d218.mp3,hello world
35d3f0cfd65e4998b96bd67856fc5511.mp3,hello world
01a1ada17cee4f479040fb1c17b6f423.mp3,hello world
b1d6474016d8424ebe9c0e58e81a5ba4.mp3,hello world
462e9432ff2d499098d86177c3e39782.mp3,hello world
99cb6c5c076342b19c0c6c1db20bf8af.mp3,hello world
16c5dbe55cc847878bf0c2062fa7a2c2.mp3,hello world
1b5ef36a88944f388ca797c82ecde49d.mp3,hello world
fa178ebc4e8d4de38dcc51e3cb8ddbb2.mp3,hello world
5c65dd8a83054f8d8be546e489171e81.mp3,hello world
0cc04fea6b674b29a75dc494bf378ea2.mp3,hello world
6897b0f5028f4424b01d8ef18433067c.mp3,hello world
fa670645b65e409089dce3527aecd04b.mp3,hello world
be633341fb754eb3a717b3af15577b69.mp3,hello world
b23c46ab469f42f7a0dd4dff213791f5.mp3,hello world
0d71820eaf7d4eaf9579d59c2c786e07.mp3,hello world
18e0c57422864b6ea9a8ee7bcf660939.mp3,hello world
3443d44039754609a4b72d553e389535.mp3,hello world
7e4b79c0027844e89430bdd5895d856a.mp3,hello world
215b12ee0832475b81e15b155ce63f8c.mp3,hello world
762784c42536434596cbf17a038c3379.mp3,hello world
6d8174879d2e464e91e7e9aa8461e210.mp3,hello world
d07d31aaa114437fbe4fb4cfbcdc2742.mp3,hello world
77afda2a745040aab525d0a553589ecb.mp3,hello world
289655ddc6e246adb9a4d65bb67dfed1.mp3,hello world
2045860bf877440896c4ef08351f5e87.mp3,hello world
004b2faa44b34f599260013eaa90e1f2.mp3,hello world
37c3a746fb7749d880c76e2ef8fa5395.mp3,hello world
690562c115b044e6a232940aca870997.mp3,hello world
aab9649d30bf4ecd97accbda0cc1874c.mp3,hello world
6c836d1256e042968e21416b3d208736.mp3,hello world
cf820a09bc824401a1cc75c8479b7d8b.mp3,hello world
4b19455498884780980b20d14131517e.mp3,hello world
8b65ff58c4484badac51797754620e3b.mp3,hello world
cea0cdabd5d54e97aa7b99e605dcf19f.mp3,hello world
a510ed2eab564e4d849e0a6cd93f63a8.mp3,hello world
3a54ebe4922d43c5892b091aa72123a5.mp3,hello world
4017567bc7e9466197e19ad0c64eb8e3.mp3,hello world
4385f4748576430993b8064373251a8f.mp3,hello world
c1613a07c00e43c89abbf1e928146f58.mp3,hello world
cf097765db344172b3d41d0353104123.mp3,hello world
fefaf9e8cf7542f6b60cf096350fd47e.mp3,hello world
984f95dba7e5472688e45d7271519926.mp3,hello world
4ff39dc2abfb4d69a93de8077f41b894.mp3,hello world
62e3d084526b466eb856f761ce4e36e9.mp3,hello world
8f89a4c9e5a740f5bf21eacad2508c97.mp3,hello world
1888908b78c74f31b0ee55b9493a637d.mp3,hello world
ebf8ab1a75c6452daa7011a8fb5fc6ce.mp3,hello world
78d6f02255314ed5a7be4f152a88d8db.mp3,hello world
ab21e227eaf54163ac93ae00a98291dd.mp3,hello world
22e716c826214c40b3068cb61d4c8772.mp3,hello world
a93227c8f2894d8abe9e53fffdc9873b.mp3,hello world
537269de7d454e2cb459b6decc5542ea.mp3,hello world
a1a0c1e0440c4e6296d1445189e284fb.mp3,hello world
d99d5c4671be4bdfa77be23d2c04824b.mp3,hello world
7e946948b6974c7b8fc20f48cb46722a.mp3,hello world
b8c2f5da5ef043daa888bb61cc236144.mp3,hello world
fc6e166e07844b579f5dc169c7c198ce.mp3,hello world
8a959da903934e6b90166b9bd8b77327.mp3,hello world
0d9e5c89e5584c0b9e0bae3db6fe612a.mp3,hello world
3c00bd45a6ec49878bbe47295f3395f1.mp3,hello world
85e629c1cade498b8c998c12e070dec9.mp3,hello world
14509f8f5f1d48a78473e15ea842267f.mp3,hello world
1097355e2620435b80068b5d1cfd3fd1.mp3,hello world
32bcb552c30f41d39232fc03df79f638.mp3,hello world
47dfd7b116dd4e42a3c6fd6d40395ee6.mp3,hello world
88f97417a76142f39880fe24246536a9.mp3,hello world
68fbb869ece644c881a37d5defd87968.mp3,hello world
8e5b75505dec43028ce8a328b549ca84.mp3,hello world
d30f7c07f5c546b7b15003b1be88b4c4.mp3,hello world
f7d4f74363fb4ca49955b39996da7974.mp3,hello world
6936635da32c450c8d41a0cdf4d2d4a6.mp3,hello world
39cd2bea16de4597853360dbe821565b.mp3,hello world
3808bb12af5d46cd8ce66c06a52d65e1.mp3,hello world
0fecf8425b66497cabe967e5b90cbde9.mp3,hello world
1b695843ab724869ae63d825f8334ddf.mp3,hello world
1d9634d3115740c995dae18c36e3c06f.mp3,hello world
6f5e036a8f2142f294f7905426d7d594.mp3,hello world
3f2edb31c40048fe927e6b12d44e5a76.mp3,hello world
fa899226bea145f0a9a7cf07ad0147c8.mp3,hello world
706a3bd2335e4624b4e3f3b6fd96a138.mp3,hello world
7b3302a9789d4c2cb628c3b2d5a0ab77.mp3,hello world
781145459c5344e49c804bc7d24663db.mp3,hello world
c12bdbc7f64240b290acffe14e4878bb.mp3,hello world
85f791d911174116af7b44d021305f3a.mp3,hello world
280176d71d964468959ff6da92637579.mp3,hello world
a22d13b0f1f24676989cbe1252bab89d.mp3,hello world
b588313ba838400fabeccd1f71502e7d.mp3,hello world
d3fb2bc5e65b49c1aadd450f8b6fd536.mp3,hello world
c0559d700d1d4c878a78e7eb5008009f.mp3,hello world
e5373e9c426540ef9c68b4e8ea4c0c61.mp3,hello world
4e652c5b4e73491e93156bfb61200b78.mp3,hello world
aab348e15e184cebaf20f9ae6a1b8788.mp3,hello world
9247fdd1786040b7a8ed1143238a66ac.mp3,hello world
48cbd4eeac174ce181ac5fb3d56d7da3.mp3,hello world
778bfe9854c0470aa7fc6aa842d47e78.mp3,hello world
b8700d273b514626830dff021e837e47.mp3,hello world
7b684bb223444b879c02e67ad39936ff.mp3,hello world
facd993797a442fa8cc3a79fcce19573.mp3,hello world
cf808760b10f456993767ba98958ceef.mp3,hello world
49c527432c07463abb54b41a724ea9cb.mp3,hello world
71b693dce6994edd980c8717e3d60232.mp3,hello world
550cf261b7de49c2b6f8be34688577ec.mp3,hello world
4b6fb0eb381c41a79b8687e7403cb9aa.mp3,hello world
c18e783f369b42219ebcf6f7288bb84f.mp3,hello world
16d8a3cdf90741a286e50cdb3c55d049.mp3,hello world
7c1b5caa011d411093060f711241f774.mp3,hello world
978158e56e0a4c129a7bb2d69e98ae5b.mp3,hello world
6c4f8888146b45738ff1107dc5024177.mp3,hello world
10d5ef18248849d992abc5d617fa7244.mp3,hello world
65f8c0aeed4d4a2cb4f98c72edcb4415.mp3,hello world
bb89b459216640eeac47356728307fa3.mp3,hello world
86fce94398994d8789fcc79950a2c36c.mp3,hello world
55de270312d347559113f0d3aa49d581.mp3,hello world
5614171508da4b7f9122c06d64448b59.mp3,hello world
139c8260879d4d119940d4c96e0880d7.mp3,hello world
4543c54195b943fd8acfae43eaa14907.mp3,hello world
eb0a72d2f82a4f86a6dd876190673047.mp3,hello world
e69369dc714349558eab4d13b4a29592.mp3,hello world
fb01b50d6e7b4d128fe74b8cf7c05a24.mp3,hello world
2ddc1efc181a4c388507a291cd3916d7.mp3,hello world
4976281e44ba4e85ae49b514e63da85c.mp3,hello world
9a4dd7e41b7545ceb104ca6190d917f6.mp3,hello world
7b1700367bce46fe947270140c6b96b5.mp3,hello world
8ba57f7f33ec43b7bf8af7e5016e547a.mp3,hello world
7e78577a91c84032b47307d0613cd5e4.mp3,hello world
149d9f6147a142ce98163d7ce6b29de3.mp3,hello world
45def254901c487697afa2c74e70e838.mp3,hello world
8495bba6426947718fccacbbbd201153.mp3,hello world
77ce2af80beb46cfb42118fe99d69290.mp3,hello world
d0e9eedb38ad4d15821bb385238b79da.mp3,hello world
865abb753413437fa480b429d0f33c9f.mp3,hello world
17f07cba92ad43f9bac7a0bd8b80598c.mp3,hello world
20fbb9347fb747d58dc7551644649445.mp3,hello world
71a6e01a0ad74d5687c63512610e56fc.mp3,hello world
e4586e05f9ab41b681352031a9cd14d1.mp3,hello world
511844e0c3774426a58acd557064b48f.mp3,hello world
168632b71c974644b644d23bdbb12dcf.mp3,hello world
da25f04e88af4d08a8b02551bd914747.mp3,hello world
d9fcd64ffa984de0ab162c73a291527c.mp3,hello world
8aefa7863b944c2281208203aa90f28a.mp3,hello world
78bd2e168e724a6faf2eace282cec2b3.mp3,hello world
68bdf90e593245b7b7092a71c6cdfc91.mp3,hello world
4afa32f906224b27b1646d0099798b3b.mp3,hello world
655ac29d5c6b4544a42ddb07fa1bbe73.mp3,hello world
6d82e22eaa0649c1897a8d7502591344.mp3,hello world
fa525ddbde984b6aacadbbb0363d8966.mp3,hello world
d1120e77baa54e8fa86a85a0a5bbf94f.mp3,hello world
200a55d2e9ea409cbadf884f859bbb83.mp3,hello world
c7964a76023c4bbba8b5dbdf81494133.mp3,hello world
d45b6ba0d0b5466db6723d6e378fd9b2.mp3,hello world
7d1ad7fc70634c5ebf71a41fc5ba15a1.mp3,hello world
44ddb9565c16434eae604f36a36ec327.mp3,hello world
9b211c2b8085463c8c3fa5033ef53d69.mp3,hello world
c4ed4f4e3bfd4a7ab492d093c51caf3f.mp3,hello world
2990ecd7371e4507bbd7867993b23eab.mp3,hello world
5e16f5eb0dd240b7bf583563988e673a.mp3,hello world
a582ab50a5554459a7181e22065acff3.mp3,hello world
bcee512912d9491b862aa22731cbde67.mp3,hello world
f4253935c9134b608bfc1ad74b926547.mp3,hello world
f2f3d8059fc54adb981e00b5471742a1.mp3,hello world
a62100bd20e84137b2f825f137c33750.mp3,hello world
c948a719c3c14fb594252c404ec184c5.mp3,hello world
ae2893cb862a4c18a3d02065e8ac9fa3.mp3,hello world
e10e1a094a3144a0937c8c4e06f3a129.mp3,hello world
153a97ea13494c22a99d4e707329a8b0.mp3,hello world
0e22ca273bec49fea9bb0c25d08a6924.mp3,hello world
aafd81f8c66f42039506606eae3c0916.mp3,hello world
d4e3242fac464d83a58ecc873ae947c8.mp3,hello world
2deddd1e087544feb5c4100669538393.mp3,hello world
be4808a4e05248d7adb56d401588cd63.mp3,hello world
1d5fc58089a14877a0b05360e18ac38d.mp3,hello world
e2d426262d2140a1a45f7bd34043bf72.mp3,hello world
325bdfab679846a1bacedf9fd90204e3.mp3,hello world
00922e39aa794382982a21f6a4a8e943.mp3,hello world
311252ff4aad4139a7e2719c3bcfeeac.mp3,hello world
60a5c2178bcd436b8e4a752bb30b0941.mp3,hello world
08cb26dc8f454b47a319bfc7559e398d.mp3,hello world
8a42c1ad9b244b0395a9e0fd6cc11ea3.mp3,hello world
af866ac16b8040bf859ec10be0ce2bcc.mp3,hello world
3be92f91bdf04460bfa4dda6f25d2214.mp3,hello world
847b9e2d5ee84eee91fa863c53bcde0f.mp3,hello world
3f04fd4249c14e22bb583faf1193038d.mp3,hello world
da1147f229aa48899087b9e9f42ca7fc.mp3,hello world
c479aad750cd4523a1d499453b822c84.mp3,hello world
d95f24c9da3f4f69833f522ebc897a7b.mp3,hello world
a55c3198950e4a89913d86d6db0ba1d5.mp3,hello world
4059f6606b9045a1ae6e47972bc1d4d2.mp3,hello world
c463b375d0214eb892e87a1c8c94a8b2.mp3,hello world
85fe973d641b4030b37cacb08355071c.mp3,hello world
3d6e89939240423cae4ca3b08c5dc57c.mp3,hello world
0bc5185168eb40a085e3c0bc92f0fb37.mp3,hello world
f4b857c429974fa4a96335e7dfab9a10.mp3,hello world
52f48da894524b41a3960c995805d24c.mp3,hello world
c260d659abc1463e81cd0191a5c325a4.mp3,hello world
d505a19650a64c7398d1100c752cf2e2.mp3,hello world
73693aae2cfb496589766f1e9c6afe75.mp3,hello world
101ee58fe2dd425a9e42beed754f0a34.mp3,hello world
73a7a9e9339c4a05a1284f02f8ea2f68.mp3,hello world
0d3d46cd7c894e95973c88e6b4269c34.mp3,hello world
8bb11cd718d247d8a2f0af9aee944049.mp3,hello world
def60f3ffc3844dca3edf0a6f9697b50.mp3,hello world
8d541de49c2f4dc0af816b8811d5d997.mp3,hello world
ad22977e208d4f36983ee2f698470927.mp3,hello world
5ea0db540d9c4dd68452fbb8d7cd00d9.mp3,hello world
961ac2eaa7d04bf18e0daedb7ffcaf9c.mp3,hello world
b203a8f54168475b8e452b0b44d644ac.mp3,hello world
3d3b80199b544b868359fd8d370de7a1.mp3,hello world
7520184439464983921504189b4a1cec.mp3,hello world
780fa19c056d44b9b9f1f1ea0741ced4.mp3,hello world
e86ee3b67ef64db7a79fb1ff02f5ae6d.mp3,hello world
b8de307601ed4f50a403c1743edde063.mp3,hello world
7694c440590e4fb2a178962b678cb8b2.mp3,hello world
d0b6e9676958454f9fa0f5a32ad9427f.mp3,hello world
04d343ab8f4e4fb0b710569f9c98e765.mp3,hello world
17b5f137d0d74b54ba643339a82a5e8b.mp3,hello world
c02bc877f3584fd7a9ee692db62f6c23.mp3,hello world
9f558e5be72145919bd0a9a99206f721.mp3,hello world
d49a7d122b0c4e2ba45087bdec58b0c5.mp3,hello world
54ca923888f9415f8fe0e9cec9ffbde2.mp3,hello world
8015552a1e33497aa3daf45c34b89889.mp3,hello world
b23d19d8f1d7470891d26b8b5a7abe47.mp3,hello world
fdd7897b3a7c48daa1b030f5bdeb2dce.mp3,hello world
3a8fdf9d97e547718e00a8326dfce35a.mp3,hello world
0353b2a4c4d64f368179de1bc3643b2e.mp3,hello world
0b45b6351ce84589933f4a4c9f4a7fce.mp3,hello world
ffb16b510b684d31b5974a69955e9517.mp3,hello world
e887cf24ee154388ad5e8d21e35ecece.mp3,hello world
3205af9c1ea9484dac75bdec742dd495.mp3,hello world
0afdd92ffdcd45ee839e4e98421bb405.mp3,hello world
9f9d3a223eb242c984b28f0a73f046b8.mp3,hello world
7a1bf5ffd1c146eb99ee2bed18b8bf2a.mp3,hello world
87ead434285946d8ae1f735e61d2dbea.mp3,hello world
f98e8341a8aa4c4dab47b0ef492593c1.mp3,hello world
a86bb07de3b24be5b8ffceb863a24f07.mp3,hello world
2695851e5d4140dda7d93a60742fc23c.mp3,hello world
5ddac9454cc44ecb938f8d6c4c7f5673.mp3,hello world
4fd491acf3b840ad9402c2c6a06b1e6c.mp3,hello world
9d5c61ff6f2548188d1e8a905d22eb8e.mp3,hello world
338b88a6d3484d19b2843a7a04fc7413.mp3,hello world
2de77b7d39e74e68818bae55675318bf.mp3,hello world
907f4c63a56649a3a1be2045a8b07b87.mp3,hello world
4a61770dc0364d3d81799119d3860600.mp3,hello world
df00b2636a064ea7bc53fd38c89be92e.mp3,hello world
2b7fedc33c0f4daa944304dace58a373.mp3,hello world
837fc031ed5248e9b2e61a816f3fd61e.mp3,hello world
8e390aaba7e445f09f632d4712806a2f.mp3,hello world
8bbc3531d0494a40b3a384f49460704a.mp3,hello world
28264a1e24384bfb95244bc0e3b08e65.mp3,hello world
6e27e6da8d28472696be265e6f7865bc.mp3,hello world
693b424652c249c19a3e8745e0f32787.mp3,hello world
e19f23d7215447c0b2e7d68f13bf0628.mp3,hello world
aba2dbfa453642ed95bef8c41802486c.mp3,hello world
95dd312123324ba7b12c9109309579a6.mp3,hello world
9826392b458f4ec0bdc9912e1200b723.mp3,hello world
b9ea6c378105466881ba8f071e8db156.mp3,hello world
a79957f26b894df4ab9a86e790e0521b.mp3,hello world
94d708f6570847579fa04b64912353b2.mp3,hello world
755a9b7a5a1849f8bc938782af0c878b.mp3,hello world
1455a5ce3a4d47b3b94747423d85e788.mp3,hello world
c1bea3300e6e4eb4bcc3bdd29306ef9f.mp3,hello world
ed6ca3e162124a0a8c2cf4f1364303d5.mp3,hello world
d8e99bc74dd84cb6903b779375622c7e.mp3,hello world
db276496dbb1434db5de61980681e26f.mp3,hello world
e73674ded8cb4a6dbbe5333ea04a4566.mp3,hello world
a0aea4450a91446c922a539eab51c1b7.mp3,hello world
7b1e9d3c0d9441d3ba87ca8a11ecfa0c.mp3,hello world
b9ef8835c17843b09caecfb6a61d0970.mp3,hello world
c307040ad65f426e9d93f5169ba7bf68.mp3,hello world
b9588dc4e9764bc4ba93917ad3c3a590.mp3,hello world
2d43694cc4bd41749785fdd2fcbf6ae2.mp3,hello world
583d40c98d5240c5b1f04d18dbd796dd.mp3,hello world
4c482363d00c4ded96f369eca5c5f4fa.mp3,hello world
02135d222bd94c4a9999def93a46dc76.mp3,hello world
b4dddf696afe44779f705fd824bb1587.mp3,hello world
6e51485dd5954ca3854f38a5d3becd16.mp3,hello world
992c11128271407bbed7b5a6579dd4d1.mp3,hello world
ba3d00de56c34825a2e5dbd4042bec96.mp3,hello world
1ce07de167e147cdad40d4f050a3fb11.mp3,hello world
fa1d6475a00b428180f9fcde3bce76d0.mp3,hello world
6015a421815747308625a0803f5c5160.mp3,hello world
64f2be22abf9436fa08da3d9e10c0f86.mp3,hello world
47049fb0164b4c6ab281180e0a28ac61.mp3,hello world
41f7b745fa5c48b2acc89bfa89eb9e0c.mp3,hello world
9e03dca6cf5e4e8aaab4f0e335d206cd.mp3,hello world
51494599d7f1411088ea49802aff06e3.mp3,hello world
0a1ac657158d44019a41a8de4b160c5f.mp3,hello world
7dce1541f03e4b6bae29e41a7f0fb647.mp3,hello world
e2f5be9ea56248568d3d4c18e8d0fcab.mp3,hello world
528353bc5e11463080504c131c1c187f.mp3,hello world
eb661106968e40978d7b71379bdf9796.mp3,hello world
ba66a7aac8b6499a893b3315152edcf2.mp3,hello world
19f0b37e9476470c89e6c19766f18fe6.mp3,hello world
bb84c0f504fa49a19bc46c8d2976b962.mp3,hello world
ed6893d979c441548e77402ab2fac80d.mp3,hello world
6bcf32fdc5704b7f9d3a50fc6e70a1f5.mp3,hello world
b74c71daff6b4f15a26c596d51b42225.mp3,hello world
8f59a251ac5140809f9f54ce33788550.mp3,hello world
1c6571b397f4451ca73cd8ca43fd0884.mp3,hello world
cbdea7a3fed74d6d9b6f060c02980aa8.mp3,hello world
650c09f9097e477eb59d1dd9041aa4d7.mp3,hello world
a4ef00b06159463faad8197fd1cefe03.mp3,hello world
71e41fe76c9c447d87bec048f245e514.mp3,hello world
0dab102f7e814133ba1e16196c05b5a4.mp3,hello world
7836d799e4e74e2a8500b77e0b9c72d2.mp3,hello world
32d55fb99aba43d2852d68cd005670b7.mp3,hello world
454bcfecd7ac4b068e19d3e3538c70e1.mp3,hello world
b84374ab60df496fad84b641ee70c422.mp3,hello world
59fa7074a75f43a2a3b242fdd19e0d0b.mp3,hello world
077188765fe4431992b27bae21abc155.mp3,hello world
aea1d016142b4afb8600293a6412b1de.mp3,hello world
a8f160bf9fa54206811591f589910408.mp3,hello world
34e3816e3d8d4a6ba478f9eeab9e22de.mp3,hello world
1980727a59d9499baab712b1afe09300.mp3,hello world
00176b15b528439aa1ee06e5e996705a.mp3,hello world
fe0d585bce754526aeb642a88cb3bd55.mp3,hello world
20085aa7d40241159099c33e490be4a4.mp3,hello world
e11844a4202f4a88a680ce321178aeab.mp3,hello world
0d84592474364e0cb52ad6b21b9c49af.mp3,hello world
9f05ad8ead01448fabdae1dbaea74d1d.mp3,hello world
030784610cb94bf59bb488528cbe0761.mp3,hello world
f9e91642b14f4059b1b98e89cfa656b9.mp3,hello world
530937eda0e44f80a7e28f159b17bdc5.mp3,hello world
aff0957dc9784ad38852b8a1ba419d80.mp3,hello world
bd4d5115d34e4870bdf11bf7b06dc5eb.mp3,hello world
0f374b85e7864a5693d7e1b8fe89a060.mp3,hello world
a801bf86f0d64f489fb7b9670cbc4340.mp3,hello world
721d1084684b4e85bbf35cdbc8cc7e2c.mp3,hello world
4c64b06d0faa43f9b9eaa3bc47fab63c.mp3,hello world
287fc02639324286bdb4cb70f33efe2c.mp3,hello world
a769be5b7b0d444cb83f36a2944ad24e.mp3,hello world
fe113590b14e4e9b9d23355016f30f82.mp3,hello world
ea45ee70e04c431b919cafc29c2ed51d.mp3,hello world
09a99e1297d9440d94496da743151a73.mp3,hello world
c01130565d1c4a1abb30d3849361cd17.mp3,hello world
b31e9f71295040778c4f098cf12083ca.mp3,hello world
d42fb9d0e4b84df48c5996b92e4f15d1.mp3,hello world
fe99c4cbd24e4cc3ad4fde61a729350f.mp3,hello world
a564714e37574ed28a9dff43dbdf9865.mp3,hello world
5bc1444fa011444fbfc050125454c4b2.mp3,hello world
8478721984f647e9b7d87893c585acee.mp3,hello world
3513bdf69be2480e94b7e9f5c5219808.mp3,hello world
e87edbeb7498457c9693de3b2c3b06a8.mp3,hello world
b4952ca90a87450a9e53c1b3bc93b9eb.mp3,hello world
bb479cd95e1a43548236a0629182240c.mp3,hello world
b66d12f72fe64d078abb4c69db05a214.mp3,hello world
a78c4b425f7e401891c45ccfb905b208.mp3,hello world
95d4cc75f6cc408c8fda8ba59054574f.mp3,hello world
d3db499cd80443cd8af3bddf5f6698ed.mp3,hello world
1f963acba4364f818e896a6b49d9c29a.mp3,hello world
465b01d7f79d43ec8d560e1442bb2e57.mp3,hello world
d81aedf5a3b646a08009f657b1eaacd1.mp3,hello world
f44a8611eb3d4956a09d9b82e10a1160.mp3,hello world
d35d2bc60fe44621914228e4c9f69175.mp3,hello world
928306a7e85544e1b0a7bdf71447c662.mp3,hello world
fdeab20d787342d0925678a8c6fbb3e8.mp3,hello world
dfde1cf6c48d4609a853c12dd491ceeb.mp3,hello world
c24d380f9b4f4676bab9980adc5ade75.mp3,hello world
4cdf5d99e8bd48a195c3ba3c12d6738a.mp3,hello world
c40e4a4d09284a6caf51a596f91346fe.mp3,hello world
1a65d790767449f18031df7b6c7b776c.mp3,hello world
349f76795fba42268629762bc2ba9eee.mp3,hello world
f316e8784f824efc8a8054678e0740d6.mp3,hello world
5e58843fccf3442e85e65b9b455c4843.mp3,hello world
8b94842b0cb1453995309d3d5bc2a135.mp3,hello world
83d4a2296ef241d584070966efcb9cd9.mp3,hello world
bd05fd7023034183ae289458a31a5471.mp3,hello world
48b4ee67c281477282726997adf6941c.mp3,hello world
6373816d157043529f9500f31e3c6c16.mp3,hello world
35fe4098e12a41a39a3c53fbe37ac8ee.mp3,hello world
284cd424b8af47f79000f0546c0d4631.mp3,hello world
bd9c8428b55c4d77bb4c0638c797087d.mp3,hello world
2db33e66443642d1b582cf274a8689f6.mp3,hello world
3a6ceed2c2f949d58c8de9d4d79f91ec.mp3,hello world
9911656b1e4a41209231f1faecd64e41.mp3,hello world
12aa7e3bd25445e29fdae01a32b843ef.mp3,hello world
6fa70cf070244857b1aee3c585c7cc4b.mp3,hello world
b6b118da61434cc5b4cc54d647aae300.mp3,hello world
b46973762fcc48d59e3319267c8212e1.mp3,hello world
0a0519046bd34dd7bf0e400839dd673c.mp3,hello world
2fd6a33fe2ba489690df2bae2facc177.mp3,hello world
7e5f73c7d2074c8199b230f7a53adbeb.mp3,hello world
95a1038722a74462a45a2b9327676167.mp3,hello world
104bf365fe5c4e7197173d3379b6bb44.mp3,hello world
205411ccdaca40398d1cc4a14b01324f.mp3,hello world
9a6e9fc2ff30491d958e7995f4f782b3.mp3,hello world
50a10bcb7d6c4deaae0b8f2e4960675b.mp3,hello world
628ed364d166485599085bfa0cc110d2.mp3,hello world
b107e240e74b44d187eb4ac0ff6ad723.mp3,hello world
5136b0aed90c41ff986dcb5cfca15290.mp3,hello world
a8d18ee8686f481888d6e13f03d75597.mp3,hello world
dee61bf7b00a4c7f964265d38d9f78ed.mp3,hello world
89f2204d989c4f79b3736a33379bfab7.mp3,hello world
90129a1cbecc4056a8fd7c68b2a61f64.mp3,hello world
7d4abc16acf34a08b561db3f2b3aa5cf.mp3,hello world
e4857791421140108391dc8c4e274b50.mp3,hello world
a1f8850e4ff74dd5bbf972a7ec9f6086.mp3,hello world
9fd84ebd8e2c43508313c5cda5134c17.mp3,hello world
3028f8eab06a4241985daaca5491ffd0.mp3,hello world
cc74bddabb674bb2b8d73a5bdaea4a66.mp3,hello world
ff960ed984464392a9a80256234c3c34.mp3,hello world
749b4554a0d24801ba41117a11fb9741.mp3,hello world
497a5939fd344711aa80aaf2d878eeef.mp3,hello world
9f7de667a6d24bc091be2c807018e1fb.mp3,hello world
b8170bf90b81494298bfae888b772898.mp3,hello world
9fca3b26d3fe4aebbc94dfc7eaf7ccbc.mp3,hello world
7e08c0424e1e487094fb5b8b31242ec3.mp3,hello world
81420fe3a53b4a6ebd72b8e579ca6630.mp3,hello world
d9be4e3aab684aa89fe97eacf20f74cc.mp3,hello world
0dbfa7127d224a37bdbcfb0ff639fba3.mp3,hello world
f03dbc6169bb4e93b117c12874404539.mp3,hello world
d72a061c0b1b4354aefcdae176898ca5.mp3,hello world
1e99bfefde1245eda5d0efae1bc07390.mp3,hello world
a1195dd9b66e4441b22c1952d5df2af4.mp3,hello world
451104890ed94cc498aba97fd7a53df8.mp3,hello world
12d6529568074cfda979d75bdc0b9e9a.mp3,hello world
031b276163ff4ca2843b15fd8c792bed.mp3,hello world
0351ff754cb244b49f642469cacb488f.mp3,hello world
d710fdb986724ef3b17ed1667da99c44.mp3,hello world
397585176d5b4996a4aafeba6d063c85.mp3,hello world
4497297711e04e11a306b90bb5bb89c1.mp3,hello world
7366206c3d004e48afec2eecfe7b4a42.mp3,hello world
c707d57fa45e4345b143c34cbd432cfe.mp3,hello world
e28c7cedab2f4b8d8e7aaf8162a5b14b.mp3,hello world
20245792bba147ea90a6ec5605b159e5.mp3,hello world
9a1bead90b9b46d7b7bdfe7511b6ab26.mp3,hello world
cb8084c3bf6f4e7eb2518d636748a561.mp3,hello world
5113b210aa274d37b22cb9b87184eacc.mp3,hello world
2f54f29f29944db09d5acba64055433c.mp3,hello world
7c4a2f42aa1c4d93ae8f09aa9a7187d6.mp3,hello world
995a5edcc32a4607a6e44a4dc1e9f0be.mp3,hello world
9bd1a37e53284185b3603f936179da68.mp3,hello world
4a96f96d179a422483b190d412136df0.mp3,hello world
2e5c0367835c443d90de8882b06e5a50.mp3,hello world
a7dd4a1125ed41e59900f32d80f37414.mp3,hello world
bec2c56fd60a4fa2a77db9e03d1c8fc3.mp3,hello world
e03de9b0c4ef48f7843a285332b211a8.mp3,hello world
14841ff58c5e40fd96ddf7d53e4e36dd.mp3,hello world
94d4f42f995c4f4da148dfe1e801d62d.mp3,hello world
848aa3cb50654faab82ef4870f5b8b4e.mp3,hello world
03f8c6ce62814e42a2fbfd03bc58fb3c.mp3,hello world
70f98402d74a44b5a75c3891dd5a8c87.mp3,hello world
f0c5f3600b444482993a99eb513e048d.mp3,hello world
ec23ea3e8d3e42d789f7f785c7d486cb.mp3,hello world
38503070f01741569172eeedf77bb147.mp3,hello world
79aa49b3d30947268ce61edadb902f2c.mp3,hello world
4a43190c43314db791edb4b37310168a.mp3,hello world
22252fc3205b4590817a499cd2c3d3f5.mp3,hello world
c3b88eeb94c94f52b796acaba5e49f08.mp3,hello world
99003db1c5444331aef442cc35f87ba4.mp3,hello world
33449fe0dbf44120ae7c637bd7195143.mp3,hello world
60a5a26d81b64408830b9f91c6fc9171.mp3,hello world
91655fc6fa0d46abb91c9dff5e0eb9bf.mp3,hello world
f38af19966b4411aab507df64bbb5cd7.mp3,hello world
2a435e6e5b964f01a25590a5a5a4addf.mp3,hello world
1ae281ac4558445a91a2f8d0d838f00d.mp3,hello world
5606d7df7fdd4ad1b6c7a4eceda9bec0.mp3,hello world
c00ddcdc64e84c37889e61a9f5a4dd51.mp3,hello world
416dcaaf517c43e69a3003fb5475401b.mp3,hello world
97b939d697fb48c5830b824d7ea91fba.mp3,hello world
0cab2e256b4c4839b553764af8727c6f.mp3,hello world
c4ce0854de4e4ff39628269de7233278.mp3,hello world
c2084126e67c4b49ba97eac4093eef7a.mp3,hello world
6c6267af6704496687a30c73d961a1a8.mp3,hello world
cd5f36a612ea4705aeb55047e861a417.mp3,hello world
20616f13d5f04319a6282ba344804282.mp3,hello world
8dca9058fcad4dc8bf45b864a8c3508a.mp3,hello world
2a8a360519a9494a9f1ff9b97ae32b13.mp3,hello world
55770b22fe2946c791cb5ac8597b0473.mp3,hello world
78d4839180254105b4f730a5505cc86a.mp3,hello world
9220bd0872cf4e97b72b7b4ba074a7a6.mp3,hello world
a92bf849ca814bf69c80cf475c766f03.mp3,hello world
7add1297779644f2af82c8226c0d5aa8.mp3,hello world
6f0ed27b648f4195baaeb23f104cbfd6.mp3,hello world
46bb8cbca16e49018606e3132d535321.mp3,hello world
acdf505239e74bf69714457eed5f1213.mp3,hello world
f983341a78ef460caf4e9738015b67cb.mp3,hello world
5bc5346b51c142f48c5ec6870b1e69f4.mp3,hello world
e8610a37f8db4045bd0b3e403ed9e780.mp3,hello world
0aaec1f3956f4ae4a32600127c42fc12.mp3,hello world
d21fe81dd57b470a9306645b22c75753.mp3,hello world
cfcadb36030949b2801e3a4a3142ac5e.mp3,hello world
164df4f1762540298ba401418f386bcd.mp3,hello world
56261b2b0b724bea98fddf8b2511f278.mp3,hello world
568fda57e5734a74bb9e37d522e095b3.mp3,hello world
6642531ee8df446994c816f3e19824ac.mp3,hello world
c490960ef09c4811aee83e61940da902.mp3,hello world
11b6800c7b3b4045a19c6f294893af74.mp3,hello world
65d96341afc14fb081e55a6554712f6b.mp3,hello world
cb7a55dfb79a4506a9e2a29f256cae69.mp3,hello world
07f2b0abb4a34d00b100cdebb5c294c2.mp3,hello world
6e6d8a8bca754a5fb33f6ae5154fb6e3.mp3,hello world
4eda114f40fa4de7976d45c9011cda39.mp3,hello world
e7bec3e75e3349a88b5824bf558d02b2.mp3,hello world
b54643abab9c48828ada76aca3c22f37.mp3,hello world
678396f6d4d647c39a435c284ca11c70.mp3,hello world
357c91468fb54dcb970cf960ef681183.mp3,hello world
7b67a05631734a0a8992e3e7ebad1cc8.mp3,hello world
f9cec3a5c5b84903859e7b0d34914a4d.mp3,hello world
1d88e53856324d8d9bf7dcaf1e5f15c1.mp3,hello world
4b8b5104662d47e6aa70c2d9f577983d.mp3,hello world
459ebdfcbbad4a64b0364bfcc64fb6c6.mp3,hello world
84eaf944031341258c197bbf09c017d4.mp3,hello world
9b7b64535b8a408a829e37234380032e.mp3,hello world
954d23e7cfc94f4a885db792bc1370f2.mp3,hello world
617fad2a92564f89876ed0dab9fb6d4d.mp3,hello world
dbc2eb9ce68546feabb4db2b2a9c4aca.mp3,hello world
7ac45519362b4a49986f674ac170caff.mp3,hello world
18bcbec18e55491bb4c975127eb48089.mp3,hello world
e6adb0318b4f4fad9c775d5ca1237719.mp3,hello world
78c1287a9877456ca96a02e47ae02048.mp3,hello world
952caec47e584b398449764e8b5a62cf.mp3,hello world
83fc6a5bba924264996cc517f2a0c853.mp3,hello world
866c740b35c74cb89878b6145226ac7d.mp3,hello world
7dc65f2b66ca4d9a827a7137ec359b0f.mp3,hello world
b0388424499142329f920f56b8ad397e.mp3,hello world
fcf871efce93470d88843b7a66a9d943.mp3,hello world
89f060849d5e4394ae40630e3a9d68fb.mp3,hello world
28893e924851489db6a0ddf18bbf0759.mp3,hello world
f5c3f68e9d104cb7bdc210cbbadc2d90.mp3,hello world
b99b04a56e1c4397a856ec52967aee18.mp3,hello world
c680e20e82c54693b9592031eca98fa7.mp3,hello world
3243438fef9543f6b843024ab0f382fb.mp3,hello world
05bca952321641378cdd0a107c8c35be.mp3,hello world
052cdb4151134f7cb6f7a2469f142071.mp3,hello world
ffec62281af34fdca8223c94167cb697.mp3,hello world
aa72ac17ab37430899201ccde2b4b9ae.mp3,hello world
522d4d0f4bd1457683d45c365bd8a1be.mp3,hello world
1316b387ff234a04b9ae5410a527df98.mp3,hello world
feef59def57d463b8b221d2395230b6b.mp3,hello world
cfa409e0330044faae03852777c04c7d.mp3,hello world
023bad7511c949e789b12bde3ba187a6.mp3,hello world
0b0d34280d3d4fb6acdd3b40d95f1e7f.mp3,hello world
a6de4cba79dd4087844fdfd8f4946b39.mp3,hello world
a9af0d3f2f46433fab46734c8e642099.mp3,hello world
c842daae9dcf48fb8ad0411b0e213948.mp3,hello world
892bc9d9c32a4c428280a312e27c054a.mp3,hello world
0d5475d8604144f6a14986c21ecb577c.mp3,hello world
013dfb0e43b44f82890eca8c555a7017.mp3,hello world
092c6209feb44931b3fb1ab19cdde3d0.mp3,hello world
9c58b70fe6cb47f5818b7ee9b29ec1cc.mp3,hello world
e9b54ed3929849668e5b43419bf11567.mp3,hello world
edd57e1db1cf4bcb9a61bf9f0c0ad74e.mp3,hello world
98ea1f9ad3394df3acdf70e4f1dbaac7.mp3,hello world
3a5ce2b66db34e31ae8a81fbad16d074.mp3,hello world
620ae2f176bd4b77861966405a98b381.mp3,hello world
e9e84c4e802c4465becdd31dca7b285b.mp3,hello world
b04cf389dd1041f786db906454b76738.mp3,hello world
29269c34528a471b8a0fd00c5cac65b1.mp3,hello world
90e0c7cea45d4167a4c0f0eb6561bb4a.mp3,hello world
31fe58cec2d348ab9a447c613097c7b2.mp3,hello world
9d0cef61a38446fd846dec3f7c7d466d.mp3,hello world
d240550a073949c5adb520be2137fc19.mp3,hello world
27c11856d59d417f8375af3c7ef30574.mp3,hello world
bd74303cd5b840e792d61721818d072e.mp3,hello world
a6218967a7ec40de9c7c26538b1918ab.mp3,hello world
98049e56c1454656839c3dd5d989b131.mp3,hello world
22648ba8324941298b429c711a1e7d80.mp3,hello world
7238920e995b4711a2d45f3e9d0f091b.mp3,hello world
de759ecf2b034b0f8c0605fbfa92d219.mp3,hello world
78925d533d5f41d2a6ee0ba0c6c80883.mp3,hello world
e6a87481cc324f25af04c242b110e883.mp3,hello world
ee91a879c0de4be99d41e4b3807b2a15.mp3,hello world
4a1afd1a8ee147038c615afc0dcb3130.mp3,hello world
27aad5dc6f994a348a788ef81e0f99c5.mp3,hello world
113f7bbb9d244767bf1aaba760b7a2e2.mp3,hello world
32e52868bea64c39a31d9978d1146ca9.mp3,hello world
c6b0c46f3aa04e7ca8b2f8296d9daea5.mp3,hello world
5d619e99f1b54008ab950d373520cb37.mp3,hello world
0a630876c82643e08ab1e8dba16a8638.mp3,hello world
f5965f8a4bf74a1cb865e37f143dec91.mp3,hello world
03cca4405b644dea99830064633a6cc5.mp3,hello world
2c54044533634c79ac6c8e35e23373d0.mp3,hello world
25799249d9704961aa4956fc6a24489f.mp3,hello world
b8c886f712b048528eb2faff05ed7413.mp3,hello world
f64a016282e540c08b538beeceafd2d4.mp3,hello world
1a1f4168c51742cdb3be5dd98e313a57.mp3,hello world
8062bfc08747403580f5016d62c2b316.mp3,hello world
d261daf5132045cea880ef27bf5d9240.mp3,hello world
c5da6530545d4a2391cb3a349665bd78.mp3,hello world
bdb7679e6cad4883969fc4e26538bc2e.mp3,hello world
3f181c608e1744429cec8116756b830d.mp3,hello world
264052a75cbb401c884363e53157c932.mp3,hello world
bba462365ff146fda18e7162d56d1092.mp3,hello world
e9365458a0be4d98b210784938f66321.mp3,hello world
fe86fb52709e4accb1b692952adc88c3.mp3,hello world
fe22923a10b44e3b93f202ed6c5d6c47.mp3,hello world
47995ea349404f1486ac19ac7fb6a810.mp3,hello world
48b8f83ca606443086416606044dbeee.mp3,hello world
37a0cb9083cb4a8d95ddb0f7acf48100.mp3,hello world
a173b12e62784988a13d4d4139e39d97.mp3,hello world
1a6e42b4c75140aab22b13ef4f0d030b.mp3,hello world
ec5dbdcd248746e1a090fba67984ee2f.mp3,hello world
02110c5751cc4a38bb8a6ed3639e7da5.mp3,hello world
9c7709af11dc4c218d37a39ff0b0ab24.mp3,hello world
bb6745eb7ff344bbbb9c887805b7e902.mp3,hello world
c26ccbe4514744e8b03aa49d1837e333.mp3,hello world
2d3a4292e97e4902a4951f9285ed8802.mp3,hello world
21b362cde7ad4de8b232ae102cbb74be.mp3,hello world
daedad2bf56c41b1897369d9cab6c6a9.mp3,hello world
9a38d5107bab4633afe6727e36042295.mp3,hello world
892e3c16f2564913a5be12193234b965.mp3,hello world
23b4140cb50c49dc93ba95a2d909fba8.mp3,hello world
3cb0d1ad616b40b1b6643bf991c57248.mp3,hello world
dc82f1b7a6f244f6acc8ea327f812f3f.mp3,hello world
0ec6b77e34a24d92936ef00df4a3845a.mp3,hello world
f0450c52fbb4495dbff45d43c040edf3.mp3,hello world
5f5734152f1745fa84ec7f98903c1dab.mp3,hello world
16df3bbabd604bb9874ef0246f8897e5.mp3,hello world
211e7e367ebe475d8886b73ea79ec1b7.mp3,hello world
b44053551cac4d3381140c2f52eed75a.mp3,hello world
f9b85f999dd246e1b18e7b8484a79b40.mp3,hello world
b8e548ebcdfa41f1b7d1139623cc440a.mp3,hello world
a78f2db017ff48a88ce9d48d0cfe339b.mp3,hello world
1105c589da234f6fa9f6f4a0d05cbd01.mp3,hello world
249558c0636348a4bf578bd212d0f870.mp3,hello world
aed0ab3d0ae342bdb1c6b17e140c2db9.mp3,hello world
36a67dcf53c049d79d73a8aacbfd9c83.mp3,hello world
c8e799df17214722aa22054e4c95f3c6.mp3,hello world
5684227cc7c947b4aec456daaa7477e1.mp3,hello world
8ff360c4231547eea4159366c5c13e3e.mp3,hello world
37a5481f2ba84663b51b683766609305.mp3,hello world
332810cc5caf463a9fd291b5327a1585.mp3,hello world
b5dc1de1c88c4b6f9cb846cc7ed72a32.mp3,hello world
78cc7ffc56dd42a4a28dfc6739eaf4ad.mp3,hello world
0089503545d64f26aec460d3053411e1.mp3,hello world
b8e3aa2dc6964ed3b74627283da14798.mp3,hello world
a9072d5dc8994df493073cd968b3f508.mp3,hello world
b03cfbed179b4ac4a30e896164bac6bf.mp3,hello world
c3232479d2b14bec856f4b5c651ea938.mp3,hello world
b7228793e5924249b98240bd7f0e6341.mp3,hello world
4e58c6bfc6804142909adafe51e32df6.mp3,hello world
182c17bfa716492fa782ca5c2ab25ea1.mp3,hello world
a9e127719ee740e68860cd0796e57754.mp3,hello world
41f4794de68d4ba69cdc9568f8424763.mp3,hello world
35e730ca4c084f76945d47924ba9f971.mp3,hello world
d66ef5545ca94f598ffc2ae8beabe76e.mp3,hello world
50ebcd03373f468994225f75e4e9d002.mp3,hello world
9ddb274bcce640a0a3fbd8766a302c72.mp3,hello world
b15b02e1075e4ed4a90ed88df2da9a25.mp3,hello world
c9d0b06555cf491faaf7102221df3575.mp3,hello world
fe60318ca8334ef9a5a7ab3a3fe58f1c.mp3,hello world
c698851e2a6f44ec9e2aabf9c7bbe810.mp3,hello world
8622e749aff243dd935a3ac600ddd5d4.mp3,hello world
4c60aa857f664b84a3a2a104822e35ae.mp3,hello world
a184947698c8413ebc7d8106032a08f7.mp3,hello world
2f79368d26394d48a9eae36c24f91253.mp3,hello world
94a774fa55344b5295f7106534a962db.mp3,hello world
cb8d23cc22fc440691f93fb0ac60576a.mp3,hello world
727f79740ae64ca8be2e481d8a47cb0e.mp3,hello world
9a4f7ee39815415485548145295284b4.mp3,hello world
2ac7c840154345d1884591f434e62240.mp3,hello world
f036df4906824bdfaff22ba0b7683b91.mp3,hello world
77ce46f8013c4c58965eb022df5cbb5b.mp3,hello world
9dbd76b991f84fa9a1cbf53962fec512.mp3,hello world
b3cdbd966d154564b0bdb510ba89cf8b.mp3,hello world
08c601f6d29e4c598377436345807264.mp3,hello world
785c6ebe735a4f5cb791801a7e8378a7.mp3,hello world
21058904cb5d408fbc4f55efbebffcaf.mp3,hello world
eac49a30811c4e299bf88b2c11bce041.mp3,hello world
a1640507bb854b3c9de5c7abe2ab7cea.mp3,hello world
771a6913ed714fc7872bd48d9ae8340e.mp3,hello world
199271c9d92245fe9b50ac7ef6a4abf7.mp3,hello world
29f82c2fe0e44505a2cfc1ea7edb45f7.mp3,hello world
fc26b821cf2e42288613d4f111c699d3.mp3,hello world
00ac9ce9bd6c41b18e636c3c2aeea0e1.mp3,hello world
57911e2587544703a05c47a3af147592.mp3,hello world
0af82d3d66154dd2a1b2400708c343ce.mp3,hello world
38b1c463dfa34d95b808183aa5b988f7.mp3,hello world
eed526898aa64b80a145ce17010ff3dc.mp3,hello world
8929f5d7a71042bc9c8304decc7a828a.mp3,hello world
df2ab767f11f4c50bf1231793565b378.mp3,hello world
0a4ecb85d6bc4780afeb3d10e75a3f39.mp3,hello world
59c8a859d6e4481dbe7c55f915b09277.mp3,hello world
7a1dae6ebc634e58ae3507c0499fd268.mp3,hello world
beab48fbd9864ad4987a7b34c4bd3686.mp3,hello world
e648223b49e1489d8ea4e5e08791e6c9.mp3,hello world
b062984b381743fbb85b134a7539334c.mp3,hello world
cdb0e9d6166a4a4d90d2fa65c350f244.mp3,hello world
c0e118f3ea744ad59d723e2dabd3e1dc.mp3,hello world
04961224514749b0bfa6ef7c07ae746f.mp3,hello world
71e49d9b3730427bb4f9d086e6264cb4.mp3,hello world
ffa4666c8a9e49228346fe135f0e44d7.mp3,hello world
f680b0bb060648bd8a597e0636ca97da.mp3,hello world
642087be885d47f0a358889b9c293f34.mp3,hello world
7bebb05a953a43c68fe93a1da1fc973f.mp3,hello world
201ecd29235c4e95994598d83f341808.mp3,hello world
3444631adb4e4e909a98c50aafa49738.mp3,hello world
b5391bc77718401084dff7926f9e0cf1.mp3,hello world
aac31153666842adaf097001140ccf22.mp3,hello world
86cb9073581945c586d00c8c2499d3ab.mp3,hello world
0ce8ed62ab60412494aabcf04ebc403e.mp3,hello world
8708484fe1e84921a8bc5f2cd3b0da4a.mp3,hello world
7348339c1d6e4979b12bd4dc075eda9e.mp3,hello world
811044550f0040899016133eaadc683b.mp3,hello world
49dff9fa5b4c4d719417747bd1f2f8b6.mp3,hello world
f33cfe3367854af482ebde96ffcd0618.mp3,hello world
b918bdec9f034eb28f288a5edd13bcfd.mp3,hello world
97b363a4cfd74b42a50ff84e426560ac.mp3,hello world
7e18e188c0d14012addf1bdbc0c27b27.mp3,hello world
9ebbdc5760e04bea927e88de422f5fa0.mp3,hello world
a1d894aa99d24afd83d8386785c4b28a.mp3,hello world
561653382fc7416a91068baf41b18355.mp3,hello world
ca14e8d2562b4f0fb7df28259f9a12ce.mp3,hello world
c6d257b6b71c4bf493dd33c66fd6b3a3.mp3,hello world
d0c8a419a9474111920c70e36b87a3ef.mp3,hello world
6729a4b7f23248df8e74c307d9739491.mp3,hello world
ef26855286f643c6b6d24b4fb27ad6f0.mp3,hello world
a039280cd59541b9928529b10de9fd3b.mp3,hello world
2120a9eaf1ea4e67b22dcb1f439d1041.mp3,hello world
ef045634bc8648409107b3a10c07563a.mp3,hello world
3f81a13a6b3844d79c4bdd847b9e6c2b.mp3,hello world
812999abce814366b2bf4318e2b8a08f.mp3,hello world
28c8546e81ed455f94230525107d2f95.mp3,hello world
fbc2e4f1a0d54639b3120ae0c1d6ee8f.mp3,hello world
ca0cee5b2a7b40c88d573e62800726e7.mp3,hello world
e169635956974595bf53d24fd157e875.mp3,hello world
8b8902c0bd034784a1dfc2d0c921f8c6.mp3,hello world
fc04355acf1140fe81124ac04f12339e.mp3,hello world
0c72ad7ef69145538c6efe410fccef6c.mp3,hello world
fa43e7f31c8a45ec822e04ad535d1ba9.mp3,hello world
e433ccff420b4f59afb1a2514f470d42.mp3,hello world
c621d9ce43c94489b68adfbbe6d7c16c.mp3,hello world
00e83cb7761e45dfabe722274d9c977b.mp3,hello world
75fbb3c46efb4edb8c13500494dc1162.mp3,hello world
7253d9d57345479a912b3f8dc64e4b22.mp3,hello world
2649bced3657433bb185f6b28253f5ff.mp3,hello world
e85b2671e69443aabe75e56df0e813fe.mp3,hello world
bed7ca39f4824c27b1f71b5ec46cdb74.mp3,hello world
527a753693b149f5b3119b5776b1a08a.mp3,hello world
9e7a298de99647489571074cd5fb3906.mp3,hello world
89662d48cb4f4d6e80937c02d60eb330.mp3,hello world
79f8aecb67194e8788fe01c182409fd5.mp3,hello world
91c3a7b40fa144e9b18d2e796026cd13.mp3,hello world
8a940e56e9114d948e6a7edc7dfb5777.mp3,hello world
a7dd3def82514a6e9c66af40bd5a5938.mp3,hello world
99edfc4907f441d4968acbda2a4dd0b5.mp3,hello world
fdcbfe7716a6460b99cb3a6129464379.mp3,hello world
b8c0c9f0359b4a6e93b8d4c80dd8d69b.mp3,hello world
8e0c473b4731494ea96041684244db6b.mp3,hello world
edb502fa651f4dd597cd4d7c56eda849.mp3,hello world
0459851f2dee411e99267fd706d57b50.mp3,hello world
90f75af2b33d417eb6110b5d72a3c7f1.mp3,hello world
f02406327fd1429588e1468148c5c1ef.mp3,hello world
3374380685d0494abe857c9ddd01d8e3.mp3,hello world
3fd79bf8717942cab5af8b6408ede618.mp3,hello world
ff79ac47604d4d25bbe499c2b20ea400.mp3,hello world
f510cd6975684418ac012bfdc0613c59.mp3,hello world
b6b130f655e34ba49bbd4dbd73d516d1.mp3,hello world
78607edef17846e8b62749f06b01965f.mp3,hello world
3aa977beb4664dfab27a72bc70eead7f.mp3,hello world
783695b261d9412996c02c8ea1ad9d79.mp3,hello world
fcf4eb1a8991473bb947019278b4c014.mp3,hello world
d96d0fbc06174665adfb2980956398de.mp3,hello world
e89aaccf913f4e1d9284cf169a9717fa.mp3,hello world
c45fe3e830c3489eabe13b3a48ce8426.mp3,hello world
a094fac6366e4020871548cc2a917657.mp3,hello world
f8043643c15540e2a9ae1e61657aa26b.mp3,hello world
572534de249045559c13a3f6ddc723ff.mp3,hello world
a215bc193cae4baca9050c04bfce5713.mp3,hello world
1a57f7d679aa41b7b67cc7d475f2430a.mp3,hello world
b06ab6ea1dfe4cad860f97ac52e2f4b0.mp3,hello world
c97c3c66b1bb46ad86f4453e5d16ab70.mp3,hello world
faa1a8236e4f4a05aeef25f97f98255e.mp3,hello world
791c573e74b3483db21659d612f64dc4.mp3,hello world
3064c8d066f7407fb72979a3d0f1d7e9.mp3,hello world
e4f43a5cd8b34e8bb7a9877f2a75f253.mp3,hello world
f62e9a5faaa544aaafe9e8eefe987603.mp3,hello world
09670738ec2940adbf60fcf3637e9676.mp3,hello world
19522af5b8d24692aa4d3f2d5e1ba70d.mp3,hello world
1a6d5a196ea344c9b8b2255ca2c7224b.mp3,hello world
cf6f0c46584745d3b459b4e35f8610aa.mp3,hello world
a9b7adf7f5fd4db38cf1637b6fa1ea1a.mp3,hello world
dc5fda7ec73a48929cafdd10e82e13ce.mp3,hello world
1f163a4435c74b55a0d5cc5421cbbe7d.mp3,hello world
2a915af7b95b488b98bc5901c4b094dd.mp3,hello world
6e312977451245a580ef42fe57bb63ad.mp3,hello world
7eaff80f8d534824bd0b7622682bae3b.mp3,hello world
ccff78c0c0ac4c9f92117f1ea0ede761.mp3,hello world
42972ee139254ec8875ef58cae242a59.mp3,hello world
f42ce75969be44ca92b00e91fef94a08.mp3,hello world
e2cacf172597428aa8a8a89d89667f17.mp3,hello world
2797102282cc424aa17456366cbe53ca.mp3,hello world
0b205fff229d44a396e5d2b7851668d9.mp3,hello world
b66b9a90176b4380a367a5a4e09eb542.mp3,hello world
c6710616f3184a0eb09c25ef91300155.mp3,hello world
889023bd64b549a1b9d0e4f17fea93c9.mp3,hello world
ae2ea33d734f445cb17d94a06e7bfdb8.mp3,hello world
fd2021a7ec8f45d9b767ed18cd68d2dd.mp3,hello world
35264c693ed54e69accff81e508b47ed.mp3,hello world
2dd77a2b019d4fd0b006f2f8ac2f8a6a.mp3,hello world
d61a49465f4d4b589fa240b0334096de.mp3,hello world
a50a5bc931d74368b29a747e875d18d6.mp3,hello world
910c5e309d34477bb6bcfe2ff62bc829.mp3,hello world
a412cbb5589047fa9a68c293628c8de4.mp3,hello world
2abc4ac672fb4676a15b288b1493e41d.mp3,hello world
ed63db2205844fdc90766a8aafbd718d.mp3,hello world
2362a9ee0d7843bf8ec9a5a3e5c9ab35.mp3,hello world
6ed1db50bd514759a9357cba216412e4.mp3,hello world
1bcd01a550764bd0933d7f8dee74e7b0.mp3,hello world
f54005c3f48545f59fe0d714d7a5dcd5.mp3,hello world
7cebc6ee0dd24586a546e039c54f61e1.mp3,hello world
ea8079ddf619418c84e0095a90bd244e.mp3,hello world
391fc256ddc1499791f9706d1bc6e7f5.mp3,hello world
fb966de01c564d509b9738cd92a8dc2e.mp3,hello world
68f509161cda4345b95c20dd79744a9a.mp3,hello world
73dcd84b60fd4289b2d885b263fd2898.mp3,hello world
109c55e5fe25457a9cec199a1b61f9f1.mp3,hello world
979d3a502ee3400e882b5dcd03297db9.mp3,hello world
60d209aee55a42c9a1bf7417bbef084d.mp3,hello world
6909cc6ad2e2450498396153acc6cc94.mp3,hello world
aa0ae8c64ca94cab880367c7f412db71.mp3,hello world
3860b3ec7adf48d588fc59a8c71d0148.mp3,hello world
07dea2db2c67441dad8533b7d87b7cca.mp3,hello world
d20a994d553744e1b2b72a184bdfa2d1.mp3,hello world
11c1c33c1c644747aff6ee7b53299ac6.mp3,hello world
6c1b093d94ce41a389aff165bc74c689.mp3,hello world
493ee38ab0934c2ca49c6100d9671514.mp3,hello world
6ddb11e4ea3047a9bbb20a08441c3150.mp3,hello world
cfd14d2f0db146f19a9ad1f992d125a9.mp3,hello world
c73a5b4ddbda41a287be2c4c5c5fec33.mp3,hello world
1ff62de10b7e41a29640c8873addd9d7.mp3,hello world
dcce4138928c4f5ba80295b82cef4b05.mp3,hello world
f3a70c3f04e849abab3bd465e0d49edc.mp3,hello world
1bf6a1b572ae4fefa0bc727963ddc49f.mp3,hello world
0d66c1cd88e140f286fc7625a31238e1.mp3,hello world
e4a54bd7436a422aa71884976fb3c3b8.mp3,hello world
f30480070819438bb4ec8b3417267c2b.mp3,hello world
9bfa5aa737384c3b80e59a1669ecbc19.mp3,hello world
9ec7df7bc010454ca481d6eeed878a37.mp3,hello world
b002df6f2dfb4da58d29cc61dc270f36.mp3,hello world
a21805e663e0498592823ca8f7ede7a3.mp3,hello world
3618eaaaea1e4069ba80161d0dd33dcb.mp3,hello world
8bdf6d924e564eb5b66dc8ec84dc96ea.mp3,hello world
0d3677a140024b2fafc7d849a553d33e.mp3,hello world
edf7ed59ead84ff6a0a13ab46d251255.mp3,hello world
1c4c78ee72ba42edae433a9b9431cd61.mp3,hello world
dbee1477aab94ee88e08008ce993c9ff.mp3,hello world
0a2fc25ac64d46e0a5f6a55796fd0e4a.mp3,hello world
7ed3a5a7ae8c467a9164a0da4270ba69.mp3,hello world
bfe2f58b284d4ae0a1e77eeabdc3634b.mp3,hello world
afc8991edb444729a6a267982d4e1f9a.mp3,hello world
ee16f6ee58e444df8e84462a2fccd8b9.mp3,hello world
8f946ae12b5647609782170a9d350b9d.mp3,hello world
df2e4d948ad549289d991d908dc0f5c2.mp3,hello world
6c18f34425074ff1bb50ac1ab95d0e92.mp3,hello world
4597d9a153b144bda579f055624b38bf.mp3,hello world
efa7a649872d4d3ea3f577bf50c15a79.mp3,hello world
9c6047b88d6d4392966c37dfd78b85e2.mp3,hello world
03be61da2fc042a3882d34dc78625395.mp3,hello world
a6cfe9fe682b49998336e4b39213550c.mp3,hello world
678eab35046d4a20b8aa1152543f433b.mp3,hello world
9c22a76d1e3a46159a1f2d5ba008916f.mp3,hello world
5fa4ac08b1504a72be41b1c4f2349a27.mp3,hello world
aad727ffb60e407ea16af289b236232e.mp3,hello world
adcd47f684444ed5adfa3569680646c9.mp3,hello world
be303ec55364432e9235a9b079e13c3b.mp3,hello world
9a72bc7de869485a91076b506c6f8bff.mp3,hello world
c9b013fc565e4884b12e5208408db22a.mp3,hello world
32e1b460c7a64e5386e17caf7d6eba69.mp3,hello world
c0e65cd7320742369b1db1b4a6b62898.mp3,hello world
d426b91728ca44ac9b120e72950ffcf4.mp3,hello world
8080a481ad2a4d88877f8faf0d1d69b2.mp3,hello world
a31af3999aed473d8e320e95d266c9a9.mp3,hello world
28a9a3d2b5a34d9c846ceded91a2ec86.mp3,hello world
2141e087a7da4bc8ba351bc2c9897340.mp3,hello world
0939ec8c83c545cd8bc607344c3b7ed9.mp3,hello world
0c3d46798cda46609973aae9c624f309.mp3,hello world
c1fa2320f5294ef3bde3eea8ef83c973.mp3,hello world
c281b275f5cd47f19f772e50ead859e6.mp3,hello world
2b68d24869474387866a75c60f19a523.mp3,hello world
1fe89673701443c9837be5e42b9cfe7e.mp3,hello world
e62c2a1c66f346ffaf27c5a6823ac4ce.mp3,hello world
1003ebb7651645739b462e26c65aaca0.mp3,hello world
af170efaafe7432b9680d55a05e88364.mp3,hello world
ad9783413c784778ae4ceec1324cbbd3.mp3,hello world
ba1a517afd034185921d3f830999b436.mp3,hello world
5ea714204ee247c588bc06a015a4bb62.mp3,hello world
991e5485b2c3403ca553bb4ebe942671.mp3,hello world
cc4933a49f9f4b7b960793ecda6c3094.mp3,hello world
10715b35f6454d9db3da4514315921e2.mp3,hello world
5bca4afe094740ab995bb293226eb62a.mp3,hello world
aad75e459bd64f1aab67175851c520e9.mp3,hello world
7b55b0be52e14ca78ef5349f37f84976.mp3,hello world
d047e6be0f2b4c1f9086e30f7e7b8f55.mp3,hello world
e4e681d3e409476dbea2cce03de9130a.mp3,hello world
dc3a65d76cab4bb7a575cf5de3729166.mp3,hello world
6be66974d2884c01855d96b84fe24890.mp3,hello world
76e134581a4840dab51f592fddb55669.mp3,hello world
7b42e254ccdc4eb69f840f6be3cdeeba.mp3,hello world
2e40a3cc4de745d09af82fa5b58b3d76.mp3,hello world
f01affd7b78f4e1db092eaaec3974bf2.mp3,hello world
efa614ded4274fd6af53ce1e853b9885.mp3,hello world
5aaba5fa46c94e8d9d5fcd6483517fbf.mp3,hello world
8192d9d4170b4a4ba64f660a265ec4b6.mp3,hello world
a7fd391f00c6496184c4fe932719b58c.mp3,hello world
e200a01319be4531af3e61429b04380c.mp3,hello world
862d1a31c18545558b7e76ac1e0bfef3.mp3,hello world
fdbc008a71684345b2ae5ab919922ac0.mp3,hello world
bd587159eccf4f9bbe12f2c708d89d3d.mp3,hello world
f4235ddd6bfd46a5b149b39b5670b36a.mp3,hello world
1c38086330594809a9eb4384279d921f.mp3,hello world
87a66cc89f004c77b591b56701467944.mp3,hello world
3f540c4999d240c4a3d6be1776e7b0c1.mp3,hello world
b9668c67d69c4baf89291c25ac2449fd.mp3,hello world
5312d52630ba473ab3fa5a4a6839a0c4.mp3,hello world
3d8322bc0b8a4adbaff15f10fe99ef1f.mp3,hello world
a8d82d625a73412eb26ff2480914685a.mp3,hello world
f73b2415030b4ecfaf8474c18bbfcad5.mp3,hello world
fe476758a8044d73a68987c75bf5c610.mp3,hello world
effccbe5c8d247a29d1babee00a9752d.mp3,hello world
785ff7fa7ddf40cb955a062fc2537325.mp3,hello world
d8172d99cd3b40f392ca17607d6cffa4.mp3,hello world
bd7c0e01acd74c90b179d7e9848de007.mp3,hello world
fb7270464ba840a2bbd63f3c5febf1e9.mp3,hello world
31da806141e94c1fa310db3c6043453b.mp3,hello world
7c92678293d64ca183a00d8a930b6173.mp3,hello world
4697817a714e457fadcb078c3527cbd4.mp3,hello world
e4225a7b818045ea9a6a363a050b7589.mp3,hello world
c4cf1ab7416e4c2b8e02995976655a11.mp3,hello world
998261a012ce444681a1f49b2f43305f.mp3,hello world
6a744323a43247dc9c91a57be6ed82a0.mp3,hello world
b2ebb7a568774b2881c0c6dd074774ac.mp3,hello world
d0f4c0f2e9dc475b98620fd129b8b284.mp3,hello world
3b6f7fa343e84840bc0210b171045b90.mp3,hello world
35d17a4aaff84d83af90b837aeaf399d.mp3,hello world
a0e862fc42da4b44a32424604c252cf5.mp3,hello world
ae3487dd38184328b4ac0ba7ae649ca5.mp3,hello world
df36faf194694554a5066b68e9be8861.mp3,hello world
c35d476e2d91487fa1db8838b1a8b39d.mp3,hello world
055a8b6935d3424299d423a1d44fb3f3.mp3,hello world
246273460cdc4828947aec22b6cef0d9.mp3,hello world
72a9118740e349c3b2124606648417f3.mp3,hello world
823327a3f7704fee825593aaa1b7c7dc.mp3,hello world
6adae1f6db4a41c59b41a737cdeb82f5.mp3,hello world
b897c714ebe4404e82ef1cbbc947781f.mp3,hello world
f47ebb7aceb94b078221db7145228572.mp3,hello world
486562309fdc418b80646b92a7201c4d.mp3,hello world
fb246767f3334010b2988b99385e75a3.mp3,hello world
a5789374e5aa4ad38f355919f581c1ca.mp3,hello world
1b8f24c297894a8cbc7ce86de56c1941.mp3,hello world
3bd6e3e8575940a782cd680108191e66.mp3,hello world
689dd9e05a124756a2a5b6beaef05e4c.mp3,hello world
8f9d6d755a4143d3b215a6c9221fda73.mp3,hello world
685c453bd38b4b5190ac40ab6ae202fc.mp3,hello world
100916f70d13401199acc1605b855734.mp3,hello world
c3d99a0d1c7a4a4f86512c4331cc7da5.mp3,hello world
30fa4e52c7284a0daee112ef3af3d93a.mp3,hello world
1b238a3118534a259241cd237b009af5.mp3,hello world
c78f3f9003ca4dfdbc2d2497046b7ea9.mp3,hello world
ce554f65ee2b481cb386a73c3cdcf69d.mp3,hello world
e0872a9f27824483a39975e9228397ac.mp3,hello world
b9b67f3f09274867bd5598526ada46da.mp3,hello world
3daf1c2c88ba4e32b65a25b27be8fcea.mp3,hello world
3a28c33eb2c84a659c452a5257d4038a.mp3,hello world
5188ff8106bd44f7a6ae6929918092e4.mp3,hello world
64b26e5000cd47d8bcf60541db39022e.mp3,hello world
655fcb4df37444a7917d1146dd4e3b1a.mp3,hello world
a3a4e0904e124807a30a5b39508fd49a.mp3,hello world
216b2058066746a08fcf3590d6880028.mp3,hello world
cc9ca7ba4b7648cfbfa05a21bb0f14af.mp3,hello world
54ab1150f3b54a2ea4d2c32422799b8a.mp3,hello world
18cde4d49c7c4f8c8807023fde3465c4.mp3,hello world
e9bde71fa2fa4587926f8aac47a7916d.mp3,hello world
d0aefcdd38e94f0589fb26979f639e0b.mp3,hello world
f7c15662501441c6b4a4c1e800fde395.mp3,hello world
6a2879a5d07e45e29ec422f9db076c11.mp3,hello world
e6ad11aca4ce4c819fa172b9b3924b18.mp3,hello world
90f71ff6b5a140c5ac77a5f5d1a07c5d.mp3,hello world
312b3cb64fd942f4841e53a14bda5b37.mp3,hello world
03f7e8b400a149fcb64e26b51d7bebcc.mp3,hello world
4026758062154fddaf589e87cdf5ba15.mp3,hello world
df7b94a70bc94a8baeae0f991727ce6c.mp3,hello world
9605bdec5092456ea32a561003c8f1a8.mp3,hello world
f6ea3273d52b4b32917aa337cb63dee0.mp3,hello world
74978ae6d6d54b1588800e8f2c58589c.mp3,hello world
13e82beb9618490992ccdf3fa73e3f9e.mp3,hello world
8882765ac02141c58513507ff41e8d99.mp3,hello world
919ca2210ea64960859d19def8f76609.mp3,hello world
c163a73b96034d85a67c2684b38c7f4d.mp3,hello world
60ee26453b9d43b1aebe8e22e10e586c.mp3,hello world
69cafcfc3e6b41858d64b7c43939ebcf.mp3,hello world
e5bea9ac06094d89bf236ae2e1febe4c.mp3,hello world
56d7e67337534451b8a98b38f80053f6.mp3,hello world
2b51c9fd6e224250b6259c509770e2b3.mp3,hello world
cfa1b8056cfa411cacbe7429da2105da.mp3,hello world
1d2070fb7609432cb4508a191ec794bd.mp3,hello world
7a3cc3a855a040b7b8851a983740d7a8.mp3,hello world
c0f8bcaa42e74f63bf48cb295cda7238.mp3,hello world
09196d0efa64436daf23a8d16b7bdb23.mp3,hello world
d586ef8d1ac9439fbfacd337f596d3d3.mp3,hello world
15c0129b84114ecc9e12d9d2395ab60b.mp3,hello world
7ea8e81fb8934afaab9c4ed291eb903f.mp3,hello world
4d37825eac5b40b5876565c7af4ce027.mp3,hello world
7d0df362ae764c7f8d7c7322b46e8f4d.mp3,hello world
6847eebce67d425a81a475fc498ab54c.mp3,hello world
d442206b1c4b432dbf9aed582937e826.mp3,hello world
040eb422aa364007a1bcd64e17c48262.mp3,hello world
2d559d6449fe4af882d1ae9f904d5aa9.mp3,hello world
e62007b75e4e4931b4ca220f3e15df62.mp3,hello world
20518b6ee4ed42b6baf95c5dbabf7caa.mp3,hello world
d986dcdd5c2b44cd897f5270db24f250.mp3,hello world
6062c77fa1b24864aa3f83b654da8d01.mp3,hello world
5bd38debc09342649accb2c6ab530d31.mp3,hello world
3566c04cd3bb4b4aa3c72268e11c1604.mp3,hello world
7590b2fa17294fe08018bcadf784490d.mp3,hello world
237dfd235536407fbfd61731bd846daf.mp3,hello world
0a2062bc19644afc9a335d9d6bdde8a5.mp3,hello world
907ad6d10c174564882b71b0efb0ba68.mp3,hello world
5f8177551e9241439f88773849d9eede.mp3,hello world
9385f64a230d4b26826de7f7fd4517aa.mp3,hello world
a1b25c7f70f24c50ab261db19385ef20.mp3,hello world
6c52618ed40f43e78eff717371cbbdae.mp3,hello world
e2b3a3dc92f14cd1a8786c8e04a9cd22.mp3,hello world
cc9f226aa2454fcd9ccd17d47f1077a1.mp3,hello world
35c8da9f16f7473981f8fc557b2aad3c.mp3,hello world
41f1450c11f04479bb157a0458f87e96.mp3,hello world
0ca908da88e94083b0cc93319b1f8dcc.mp3,hello world
23adb44255fa4e2c87195cc1a6c2aeac.mp3,hello world
688d9a5f504142f69a0b4a948f947bd1.mp3,hello world
31d09f122b0d416f884c768bb658a500.mp3,hello world
b5649c12b63e445e90b21a82d2f4b89e.mp3,hello world
a34b97446d0447c39798e5d2bc02c6fd.mp3,hello world
9f1c7ef99efc46798b28efaf68a16b70.mp3,hello world
6864a7e45d93401ab37628fcb20a8022.mp3,hello world
99e6ac29fd3d46af8825eb60658d9ef0.mp3,hello world
e82ab90a0aba4e1686be971a2cdebecc.mp3,hello world
78195a5e31ea455c932b89f5619190bd.mp3,hello world
d3be570823284b69b56844b9855823b4.mp3,hello world
3b50c15cd3b2450ab3d209dfd4905e46.mp3,hello world
d2acf220ac4e42c6824fb73a8176c1f0.mp3,hello world
9e988dbc5ea94d46a77d1c225492f35d.mp3,hello world
33815f2d92f84707abe7b6ace1361cd3.mp3,hello world
c94a270fef874ec88dc453e40b6b81a1.mp3,hello world
3a9f1dc5625a468397b87dd22a23bd7f.mp3,hello world
7b96989122c5440392313642acedd21d.mp3,hello world
fe7b367c8801438aa2f466b03803aa8c.mp3,hello world
96bdb1038df545e082ed737e26b380f6.mp3,hello world
8d994783c3a04b1b895d4ea41540acf0.mp3,hello world
b25fc87415604fc79c5fbb0f24edc626.mp3,hello world
a0cf090539ac47aba503d0ef4157101c.mp3,hello world
d8c5012010cc4b8b9532daa90e087b72.mp3,hello world
f473843b561a4d65bf5e6234570bb211.mp3,hello world
a02cb6202db44c91841408cec3e30f5a.mp3,hello world
6b37ac7d303546a2950064a233da26a8.mp3,hello world
36c8f70fcfd541e6b5fb125e83eb5a4e.mp3,hello world
7eb25ab10ad64fd9ab6d7c54f6373256.mp3,hello world
aaab9fa49edb48998ce515b2732f5d3d.mp3,hello world
8a401834069a4572a20da9d7c4415032.mp3,hello world
37d1a220531042f0a443565e610c0c13.mp3,hello world
89e6f05b243640e98c98226df588ed12.mp3,hello world
061a274f392a43c993321096a30fcd04.mp3,hello world
a542adb306a24e2c8f8a351c0679d96f.mp3,hello world
c7cf24737d604914a656fcc69f4a6f43.mp3,hello world
d3f61526985b4ea4b34d73ffd9c72eea.mp3,hello world
fcc504fb220d489797c0b1225dd0ea9f.mp3,hello world
cfa131bbfbb541429cb7ef71d49e3704.mp3,hello world
39560fc673274c538bce74450130cfcd.mp3,hello world
fc79f8b8b78145bab8d730c5850691cf.mp3,hello world
2968a3efe52b4452a66b5d1d2571de7f.mp3,hello world
eb91493be82141dba1a6ad6a693ef8de.mp3,hello world
a07851a3d26d4bee9bb0253087eef963.mp3,hello world
45927c8138ab4c4ea44eed9b9b14b8ac.mp3,hello world
1f60f064d67042e192d1c3a6e5f19020.mp3,hello world
5e23469403be4cdf99fdc42d48349a20.mp3,hello world
081ef905325741c081666f5f9a2cdaba.mp3,hello world
d7324065a1724233a8a1af2f2a35d7f3.mp3,hello world
646b6e8e78fe49e3b49326983236b3b6.mp3,hello world
97327f27626a4da9909dfda30554a828.mp3,hello world
5853e338e12343488a15aaf58fd2bee1.mp3,hello world
19122a5fb3e4404e8887061b062794c8.mp3,hello world
fea9d25b415842bca680a5f26674cf70.mp3,hello world
eda90a1d69634f65a96eb2115f7535e1.mp3,hello world
ca3dd9d5e89448a4b135e64be130fbb2.mp3,hello world
72b351bb989747aab3b67514b05570e4.mp3,hello world
9e3f878cc4df4b25b0837c521afd21c6.mp3,hello world
697c5c7fa2b44f5aa57ad3ae8d8c5056.mp3,hello world
3d9ef8f262b94973a44f5d2d4969dc6f.mp3,hello world
7b2391fd693c4b6cb20d75c6841c29a6.mp3,hello world
49796f4e0ee8441bb8039310d1624686.mp3,hello world
61107e96bf0040a3bbbbc8cad8281721.mp3,hello world
068bfde1e7c0428892af561a0ffcc3cf.mp3,hello world
11bfac26c06a4667bb972eb2d26800c8.mp3,hello world
e3ebb54d5dea4ce5919a52ba35598004.mp3,hello world
84dcbd2036e840ac9bd50c041f10cbe1.mp3,hello world
5fcb9b77b76a407b9a0234c8117d49e7.mp3,hello world
f2cddc1e60fe4bc9aed6dfed834555e8.mp3,hello world
d7d1964b2ed74d93892bab793fff39a2.mp3,hello world
42530dae35cc4082ad14856c84232c06.mp3,hello world
0fafb3b2d39f4dc8afb3805bdadf4a9a.mp3,hello world
bc3bc8af43cb4c438c15836fecd75bd5.mp3,hello world
370bc2915283440a9cc926998152ce85.mp3,hello world
e195e49e24074f13973f34429c9d286b.mp3,hello world
cd08009f6b2b4aa6a9617ca2d72cef7a.mp3,hello world
5a2828fc5d8f4b609ec06604356f72a4.mp3,hello world
39b32f71e7194d72a206b715fa5cc3ab.mp3,hello world
4fa2d192c50345ac903a07d6b200ca0f.mp3,hello world
804515f635fd4111aef6baa49d9030ff.mp3,hello world
95207e3af02b4da59177a99ae098c07c.mp3,hello world
f003e0ab045f4cea82c712125b8ba412.mp3,hello world
9d92961591cc449888b2022969d33a59.mp3,hello world
0b7b606d04ad4263956a67ff04447cb6.mp3,hello world
b1dd869c8b3348a88781c80058a9af67.mp3,hello world
a8ae8fd3b3f3462bb79c9d8e88634a73.mp3,hello world
432ea806ebf744758ac12a2975df01b0.mp3,hello world
e2934b71119b464b9f3ffaf4dfef38a7.mp3,hello world
0ce217a17e2040c1bab6742561dee909.mp3,hello world
0e31d151e15c4b92a39724b6b1c3749a.mp3,hello world
0117b6cd13294b23828be510a4e2ee3d.mp3,hello world
48a54c2b9aa0478fa111f164148f44c4.mp3,hello world
aae336afd2af41c4910eb091fefb2879.mp3,hello world
6d85299160b9497eab1c55136cfebe9f.mp3,hello world
ed565959a9a64abbb6d3b85861afade0.mp3,hello world
caef742cbe5b4c348e85ac25e9a1cedf.mp3,hello world
f403bc5b78bc4f2cab80c3984d650faf.mp3,hello world
21e0e83f8c3f49fc851ac3005807d792.mp3,hello world
5081f5daa39d4117980e92c0c262fe58.mp3,hello world
02a105361d0b46a4bcfe64c32a86a7ca.mp3,hello world
604da838669e49c4b4f4eeb53cf38f0c.mp3,hello world
6cfa0ce4469743249c77cee99f6488f1.mp3,hello world
168a56363a7c4ca3a6af092b06da6b4e.mp3,hello world
205a81a7a0d14eaca989d09b8e49b9e0.mp3,hello world
dfddd440d2484f02b24a66a1fc4741de.mp3,hello world
033fe9af2f124a3480ab99d9dd5f54b9.mp3,hello world
04aba056c9004d8ca0cc4b5553c6158a.mp3,hello world
6b7a7065df4742a58220e25580ff9e0a.mp3,hello world
b07724e907df4ff09bef7547d33c0662.mp3,hello world
8a54b62ee2c64fba85d1d474dd2545e3.mp3,hello world
c9c1cb6ab93d4169831a09a1e5a86733.mp3,hello world
4ca6587a291f461cbdddca67de21d013.mp3,hello world
7cf76cc293a542a1a726463b804b97e2.mp3,hello world
d48036247baf4f7ea1b38f614e7609c7.mp3,hello world
e3ee312a503b488cb60ca05926691a14.mp3,hello world
4deed04ce431419ebe8e960a1c337468.mp3,hello world
dbfdccaa61314b64a179094f88b391e2.mp3,hello world
5ccd60ddfa3c426490b3d783ab8edc52.mp3,hello world
98f3381fa95047d0b5eb5c40c5115a47.mp3,hello world
a9f5af2c5d4042f6afc6eca7d4c052f6.mp3,hello world
69bd9eabd3f846f9b3e36c25eae9f186.mp3,hello world
3a4a3ef44dff406abcc73556aad0fc78.mp3,hello world
2d4d1bbbee8848adbf1ce3aedd31edd5.mp3,hello world
f842c0a6b9a94fcb800ed9f1fb78a8c4.mp3,hello world
bdbb741eed634409a56b4e4da82a96ef.mp3,hello world
a690d8b8320e4da88c74cb3f2876c6ab.mp3,hello world
c8e354c13c7b4fe89415d1b3a53bfdad.mp3,hello world
df038aa3e2ba4229a8eaeacf35a28d50.mp3,hello world
6b788dd9d92d40d08fdcaa82148d2bf6.mp3,hello world
72b5a25a4d3a4426b86b304d35fb7127.mp3,hello world
7cf999f0ed5e4b1c9ab6d5e3f0d59281.mp3,hello world
cb1d92d2fbee467b96fa31bca7d2c364.mp3,hello world
b1c4f8fd4e5244cab5f9bc10bb7e2398.mp3,hello world
925beb0a1811468cb878a01b687a05dd.mp3,hello world
4a320aeb92024e8882a006e9cf60d13e.mp3,hello world
f2951eb726914fda867e39231b0bd5bf.mp3,hello world
f0743b39aefb4cbfbcb30aa060dbda81.mp3,hello world
ec08ec63b9814c9da2e26861bd84c5d8.mp3,hello world
b552f7a902094ba4bf8c56d967bc8c72.mp3,hello world
4e0af2dd5e4c4c52bd3c15bd091a1081.mp3,hello world
306ae9aa99f543b481d577d435115c58.mp3,hello world
4550a18fb2ce4ae5aa7084349785b3a4.mp3,hello world
880fb6568d314463a1358738c8322bc6.mp3,hello world
0dd33da8e1384cf9b5ae56b1f63721aa.mp3,hello world
2b452078b27e4bfea280d1b40839a3de.mp3,hello world
4516eb72df354784a045c1a4ba0fba73.mp3,hello world
28fb4efa16b54842a48c14b0f30e1835.mp3,hello world
f7bd59f175d74e8fbe811160fa3c546b.mp3,hello world
666b86ddc2214d6cbb5f45a00db1ad4d.mp3,hello world
cbdb4538d86b4d7a8590bab751a0b9fb.mp3,hello world
dc31f850110f41fd8440417bf0a8811a.mp3,hello world
5b4883a8393e4790a9666da032e46a0a.mp3,hello world
9774cc348d7041a19a31466088e5a0e5.mp3,hello world
3f2c141a30814cb79a2847d051ffaa59.mp3,hello world
3387a05c3117437daee4fcf725e48f03.mp3,hello world
3d4767d585eb4a4ab1ff8e07e2439a63.mp3,hello world
c1265ac39f0f434c98f1d5564d831215.mp3,hello world
36cfe023666a464198152b8a68c2b518.mp3,hello world
b9fcde77d83f49329e626ea30852a4b4.mp3,hello world
a2f83aa1c4f8447d942cc85e1033092c.mp3,hello world
15f711b4dd274da5b41f0babbbdaee04.mp3,hello world
aac60d8256dd411d8b4de2a9108ac338.mp3,hello world
7e5684f1fb544b959ad0d3128732377f.mp3,hello world
c74cebda1f2947c2898bacc6314739b2.mp3,hello world
e756bb21ad40429da60f1675d7b7c9a6.mp3,hello world
27f3bd3a893749ffa89e6d5731b7f261.mp3,hello world
819ba73fb0cc4c5aafab57fbb9ebb1ce.mp3,hello world
7700e1e6c35a4756816290f618d7114e.mp3,hello world
67f48eb1b2664a00ba139324ae201db5.mp3,hello world
215fd8e27c5c4fddb45065bece9d24c6.mp3,hello world
e6458dbd59e9411e8a19fbbbf3a556c7.mp3,hello world
c2c8dd5e41664b8bba58434dc7744e00.mp3,hello world
d8e57c7e578f422a842959c955fd8197.mp3,hello world
c64ed0acbb0a4f078b80838c52c6933a.mp3,hello world
d28feba42b7747369fbffde056c2397c.mp3,hello world
6c42634e697b41d1bbfae20a9b3c368b.mp3,hello world
09a6f2f4489e41929116e9df142ffa39.mp3,hello world
a778b6ae2b2e46049c6ed4567da6c9b8.mp3,hello world
81a0ccc7ba4640a0adb947fdb7e04922.mp3,hello world
ad22b70bd88a4091850d7705fa3fa846.mp3,hello world
46ae2a8a98f046d48ce2e5a0b4743241.mp3,hello world
41c69347b05547f98ac2b0ad892fc21b.mp3,hello world
1e974cf12746400e88ba6b0fc83b2dc0.mp3,hello world
29bc5dc593024395ac1c63832065d76c.mp3,hello world
3fb6cf5e657a44fab17709cffa656e89.mp3,hello world
6b27da648ca64cea8ab23cb85cd0997d.mp3,hello world
6021b2a12ee948958e846bfc647bdb73.mp3,hello world
5e2da727bebd4c6da0a3c48ce4d7051a.mp3,hello world
55f7900665344893afdf36301cb5d333.mp3,hello world
0f1a6b806f244d12a6dd8c459cd8901e.mp3,hello world
51b6df48d71241d1ba654084003b6d02.mp3,hello world
e474a0530e2a4a0d9e98c712e7514dda.mp3,hello world
2985b8c878474db389bcff9165e2c5a9.mp3,hello world
4ad265db5d014ee9a980625448397778.mp3,hello world
9e36d18758544c93bf5f7173c92e7b20.mp3,hello world
5e08c1603c244ec5a54cd8971902d4f3.mp3,hello world
2ab5939c765e409e85a371b6fe151bb6.mp3,hello world
b3cf43bb070642c8a6edc25463f914b0.mp3,hello world
cf1d95f555474841b1f536d8ecc43cc1.mp3,hello world
e2f4ee9a450f453ea47b32284230eb77.mp3,hello world
bca920e6ffd14160ae47fd205cae3d5e.mp3,hello world
f2b39b4bb8544fc48b87374954ff7365.mp3,hello world
56ba8faadbb0400082b1b72e91bf4594.mp3,hello world
2c6aa8d9db2c486893975f6d5b30fdd9.mp3,hello world
d2e1ba6b8d0c489eac4c2395482b041d.mp3,hello world
4f4bd5ceccf64619bbcc67342ff71a06.mp3,hello world
ce4ad5f604834ec28fbdbf0ca7821a27.mp3,hello world
f91b112fa7e943d1b3453d04c5a40ac0.mp3,hello world
6135f0b543e8462183bd5094d4d46497.mp3,hello world
0fdc474abb9f45f299f5109fee23e620.mp3,hello world
862c815a8c534757997aa855adc599da.mp3,hello world
37f848c42e0b400cbde09e60184d9ac3.mp3,hello world
12058f6887234f0591dfc848ac9a1491.mp3,hello world
3021fba117974851b76f495ca2222307.mp3,hello world
113786bde6f04c40a7a34055c4dbadd5.mp3,hello world
858fcc99a1704015857f9aaa93f37a29.mp3,hello world
adc26b3687c74e3a833a6a581bfcc229.mp3,hello world
24cefb017ba4469280fe88d3f4339d26.mp3,hello world
b0d41a2fc8514bf1a5b8f7954dad5cac.mp3,hello world
a86f5f8aff0049648001b78f37c69270.mp3,hello world
df8f4126c87b4d49af15c40060410e77.mp3,hello world
9a72a7e12b3a4f4a88e7aaf2ede53839.mp3,hello world
1165b0167d0c47159cdff34a6ed0af86.mp3,hello world
ced7bf7c7067411db2a9a475d265c12e.mp3,hello world
9924745ba3b0458d8c63dd7b37cd3066.mp3,hello world
fd6ea26af265461e891b717248eec26f.mp3,hello world
2f1fff07872b40f3a410cf625e040f7b.mp3,hello world
5f9715a8d6774f26aa9e6eca953e533c.mp3,hello world
450cd3a7429b4bd192bfb86f8b046dd1.mp3,hello world
98a6803e72444d86bf6f8021fc4439e0.mp3,hello world
0c0158374d7d4e00aa62b96a2d11a867.mp3,hello world
71eb224cc8d1463295f1515a486b41fc.mp3,hello world
f8779517c1d24064a3f55232e1fc0d15.mp3,hello world
689ff441aef64830955c34853b062428.mp3,hello world
bdda91bdefe94356969d2b9380d4a8fd.mp3,hello world
7df8bdb5d02943239c6645ffe19285c4.mp3,hello world
351b06cb5bfb48f28e1cf5c7323c3f53.mp3,hello world
ce2e5195546e40248d9c50844523845d.mp3,hello world
cd012f163698411a858050e258336194.mp3,hello world
2abc3a1cf4b34748a83a8daf62f0f5f5.mp3,hello world
ae363173a3e0402198ff7b9fcabc5292.mp3,hello world
62ed96b29a754bc89ffe071c1568e6d4.mp3,hello world
dd102016e65a441894f3afb78ce78e1d.mp3,hello world
89878bf3b97447128979d19de19e4529.mp3,hello world
2441f68ebe714a34bc25ea1cef209897.mp3,hello world
8dcaee9c7ff34d44bae154b77e12cc65.mp3,hello world
881208d6cfd24ce1abdcde68be6f0c56.mp3,hello world
f7f1aba1835843b8a92d8a625083c86e.mp3,hello world
bfc1268d34214b2db9299d01de66ff39.mp3,hello world
7f736edb0ac14d5a84814982c4be70f3.mp3,hello world
6bea886bb69c45c5a6595cc36ec83d5a.mp3,hello world
3f2e7fa5e5334c7d9dd81ef215d904b4.mp3,hello world
c92b73237d5d493a91ef5357ffef7e68.mp3,hello world
cf8354044ff94511b78671abdabc9ea1.mp3,hello world
8946c633130541708eab5c589b7f3d10.mp3,hello world
ad9b0d360bdc49d6a4170f30d35b339a.mp3,hello world
cdb71c36ecdb4b2baf0c7928b49f0c7a.mp3,hello world
928c4ab3679e43dc8168353bfcd7de37.mp3,hello world
bb267a75cbdb476b9cddb6c2e6882826.mp3,hello world
16439209ea4b4851891cc530ba348b99.mp3,hello world
d81116402a8c4b52ae8a913342c75715.mp3,hello world
812ee01a22634ead83102e2be8baabeb.mp3,hello world
73e8d9b689554bc785193ae7d1f2c624.mp3,hello world
bbd7b7accfbe402caff110bcb8191739.mp3,hello world
9b3d0f8898474082b5321f4a5cd2e8c5.mp3,hello world
d561253732ac4970bbd151d600916631.mp3,hello world
fdf29a9439194fa5838a87bd09094498.mp3,hello world
bf3fdd9d803248d7bd6001c550914fb9.mp3,hello world
f4a4d151e1ca41fab3b1c3c9049f15ea.mp3,hello world
9ff1e2f9e68043c486238d1916b2c1ce.mp3,hello world
d51454dd802d4cd4a42521c1d73e3cb8.mp3,hello world
3c646d9adcc449e4bb064a87b5e921df.mp3,hello world
cfcccfba19ec4691adba7d3403b03aa5.mp3,hello world
c380ef11da834948b6fffa6752228a5b.mp3,hello world
73de65c31f314ff59c5f0341e5f4f9f9.mp3,hello world
05835472b08444139792e220ec8a47d6.mp3,hello world
c372b06d592c448789865a86cc83ab52.mp3,hello world
e7008e85d8f748abb8e741e9b04470ee.mp3,hello world
ff41c4e026914f2694019dc182af179d.mp3,hello world
2b9cef7e5c86479f89f2735e94ed2bc2.mp3,hello world
7d60ed2cf3424e2eb4ebf33446359257.mp3,hello world
67963fee73e9426bb292031d8411124e.mp3,hello world
30f71005a31545789f970e8aca0305c4.mp3,hello world
78912c4db9fb48119ec887f008fff436.mp3,hello world
fe4937c67e2f4c56a93e2804e904c9fd.mp3,hello world
2466a3421f9544a0bfa1bf5df0133ae1.mp3,hello world
35d49371c5824ed2946357e3cb290787.mp3,hello world
7205349532a04cd99f8bf271ae4b4e96.mp3,hello world
00fca852e1c34fe69a852d73e1853cab.mp3,hello world
0f89e265f1aa45b4909c31221a70e140.mp3,hello world
c55772b4ce344e9e97acb776acc3ac00.mp3,hello world
dc6b742968504f6da5c579b96fe89577.mp3,hello world
78c173a26e4c46548ad14425a8ed37b1.mp3,hello world
c57d173c736a48cab383dd2eca18fb74.mp3,hello world
099a6a0a8b674900b6eba8a25b76c031.mp3,hello world
77037958eb2e4a61ab85ac9f116912fb.mp3,hello world
61361d3216c54645a958e58bdbc4d618.mp3,hello world
87ec9728d7c64ea69a2bcb9e5e7a724f.mp3,hello world
deaa2cbf242d4ea4861b71a97ef277ee.mp3,hello world
86fdb4ebdc22454790a20d2da6d1faf3.mp3,hello world
15992477feb84030a77691856ae3ff76.mp3,hello world
0bb38c2a43da41fa82d855353ffbc526.mp3,hello world
1882075e1d0c482ea408343c88ee4398.mp3,hello world
668e02d0700b4aec8cc2b61af65f460b.mp3,hello world
6556defa031a4d50981323e0b4a8bf8d.mp3,hello world
5f2b9aa4c7854b07b271af38b50e9a83.mp3,hello world
fb3df195351d4dd5bd8c9f27731a3c2f.mp3,hello world
f5530c52c454435b8a801d4a1fbd43f7.mp3,hello world
51b73144d958430e8486c34cf707b6aa.mp3,hello world
31832d74b43b4308922bc1bc4b57ac49.mp3,hello world
057c865395e54d1cabdeffd119ef050a.mp3,hello world
655069a211c94c8eb219ceaf2af59c6b.mp3,hello world
25b8f64d188c4b638ed6995bd9b8fa0b.mp3,hello world
b42476283f7b41f6ace6ccb9c2a4e3b4.mp3,hello world
25b3dfe1069c4ae2b434b4a72939beec.mp3,hello world
baa4287d4d284168872c1a010d0bdf37.mp3,hello world
384a850f12f24acea28009c03197b17b.mp3,hello world
f3d6c6d3c90d48c4a7ce35261914ad6d.mp3,hello world
1cd6d95cc8f04e609d66f1619d9c6857.mp3,hello world
7b3aa87e6eae4d2ba95a4a3853e8c434.mp3,hello world
73dffd6b29b6422a9baaabb5d7adaf42.mp3,hello world
ac9cca20273042b0a6e418ea2db158cf.mp3,hello world
3852f6bc17b04591962ec6d4e3698d06.mp3,hello world
a98fb9c3c0e3469f97708ede3129423d.mp3,hello world
34a9e822d4cd432582bfbdd670d8826f.mp3,hello world
c11aa11101b24299add45837ff9b464d.mp3,hello world
365d445b51b8439ea6b1179c73eb2bf6.mp3,hello world
145afb013106468a9a314ee6572a3852.mp3,hello world
a2c48bf37c61474482d6dadd17a60e85.mp3,hello world
95a99be7165c4799954d1f971cfc1ee7.mp3,hello world
9cb14371e1f94ccdb26ca83355383afd.mp3,hello world
28e5094fbca948e29cba8d46ad3eb9f7.mp3,hello world
05cd2a9391c74d8fae50d737f487b92a.mp3,hello world
a5d386fdcf0f4399ae6af8983f0482d2.mp3,hello world
8393849c6e404925ba56f77ecd94e2fd.mp3,hello world
8915f411fe014d8d804fb8263f72f8dc.mp3,hello world
a466fa70b1194d37b09592af2b2edbf5.mp3,hello world
dfcd5c4b45934686832fee49d8715339.mp3,hello world
7bbdcf520da24443b5ae4cdade15352b.mp3,hello world
0dd4fe18952c44a6b3681ee189681bd2.mp3,hello world
a066a4e6da05434c89b7e9d46ae873ee.mp3,hello world
288bc1417e4d4f1497ea8842f62ea330.mp3,hello world
715ff90dc7e744c0b274fad34cf3922e.mp3,hello world
9734ace70a0447b285106956954a1ce1.mp3,hello world
02d676fafdca4ee997ae1c115e4787ee.mp3,hello world
80291115fb984b41b4a08671b2c86aed.mp3,hello world
0f0eeea37bd047659f6a5e4064d8c642.mp3,hello world
b8238fd72b8f4d2fb600a238d1ea57e0.mp3,hello world
72aa2f3bebb84dc38996bd79e059c831.mp3,hello world
b13101736b7042e08bb49d1446469034.mp3,hello world
8c6c129b83a34d19b4c70e4ae835f78f.mp3,hello world
e3c1cc72dd6544a1ac00187004705315.mp3,hello world
9dd2d003fda34dbf8fa4b560adb8b49a.mp3,hello world
44464578d5fd4d54bc499c1899831051.mp3,hello world
d1e3f72d2e904a64925c671c7fe42388.mp3,hello world
75fea5ff979c4dfdbdc670dc93591429.mp3,hello world
d57ef4d2343c48b09e0f7695967eb50a.mp3,hello world
2e170ec6874e4e72bdcbb516509604fa.mp3,hello world
789bf6ea02fb4fc697bf09211b35ac51.mp3,hello world
2ab14171de594753abc1ad6fb8035bce.mp3,hello world
4b90a41610e24dfbbfef8bca1783b9b9.mp3,hello world
233acf3259f247d197bb0f5b27080567.mp3,hello world
2ba347d0ce3242be8f8975939e62fa01.mp3,hello world
56e0280dc3b5404da8a3a759aa7210ae.mp3,hello world
87f5f6ede9ed4742bdfca5517d414abc.mp3,hello world
3da38985709a4f6f9de315a3e7f72d11.mp3,hello world
2355fce920f24e2dbf12563f38c3edf3.mp3,hello world
98dd6ba00fc84e66be84bad0b87f2dbf.mp3,hello world
0afa219daf304162a2b5104f6c54a57b.mp3,hello world
6384ba45c8044abc8c2780c4446c1e03.mp3,hello world
f86512ccb16642979c4c915b0bb0cc01.mp3,hello world
e1ae1eec2ef44b6796aeb01d72d99cd0.mp3,hello world
ad14ce75e7f04707b3443ecb1af54e7e.mp3,hello world
b5eba6653242481a8c168766c5dcf50e.mp3,hello world
1a565ebd43824289b79cbb23b7e08408.mp3,hello world
b70610202e3f4044bb011ad056f0a088.mp3,hello world
8a36ff8586d24606abdb66f6a33d5359.mp3,hello world
9622f1e4ba5b461f96d0d5d857a3bbb0.mp3,hello world
e63e9cb732c74935a934efd75c5fac51.mp3,hello world
32bf45a982bb43198136988a0eb9d18e.mp3,hello world
41982f4bdeb64f889bd068bde6403076.mp3,hello world
0a1d8e53075447c5b16a29f002e9d8e6.mp3,hello world
fa40a4f2afa849bda97e9490d7530ba4.mp3,hello world
f4f9f74d36c54d6fbcf6d4c4591210cf.mp3,hello world
0c474ceadfed4287a56b563c82fad199.mp3,hello world
4c27cbf842904eefa4a141569246af41.mp3,hello world
d89a1cc4e08c44618dc162514c5966e2.mp3,hello world
c66d8835d2e8435e9598234e1ec6abf3.mp3,hello world
836ebe1264064789a036186e55e5676c.mp3,hello world
a4f9b387eb144172a8d4dd66c0b1664a.mp3,hello world
b2f64d240bf64748a8256a18b5bc9f83.mp3,hello world
2dc80ca07a064a8caaf304d148a2d97d.mp3,hello world
edd672ec784a4423b1773ffa9760895d.mp3,hello world
77324a0b70674b7bb0d30ec63254e0f5.mp3,hello world
ef593f236e04429d9d6fdcf9700171f5.mp3,hello world
6f9ad077981b441684377ceb80f9287c.mp3,hello world
666006fec74f4899904325d5c071f671.mp3,hello world
046b8ec5fee7440b8efd7b772eb8af05.mp3,hello world
3feddd4b0444421382d6be28cb0da98e.mp3,hello world
d6d24747afba475ab97506f2e70db864.mp3,hello world
8e2311fc21f54a56a3c21bb4cc1a9347.mp3,hello world
45b53c70ba9c4829a3a85d7f46383473.mp3,hello world
a8e020ecf0634680bcafc0b5d9d3a4fd.mp3,hello world
01802fe174044f50840b589f00a05b52.mp3,hello world
cc4441dd1b2745e6a55d794bd3f338fc.mp3,hello world
2fe8e2437dee4f60b8c446b46bc7409a.mp3,hello world
9149bc617213482e9390e2f6a1899868.mp3,hello world
b29879757f77443bb3dd2630adf3056d.mp3,hello world
4f6be8433720477b92c4a920c9996cb5.mp3,hello world
f3adbdda6aa44d7a8186336017c417ba.mp3,hello world
6fc5c46b3af84fdd8e87796c23c3c3db.mp3,hello world
ce28b913952748809c866e1349122334.mp3,hello world
2407742320ff498a83df4a64530b18a3.mp3,hello world
a23588b643ac483e84b85a4ae0762df8.mp3,hello world
afc57a4586bf4b438601a51235744c54.mp3,hello world
af7ac7da43c84a8db1b8d979d68d58c1.mp3,hello world
d7d771e327fe47f58ce4a616b877bdc5.mp3,hello world
29f4c38cce5b4772822524c9a6636b36.mp3,hello world
e3a7f3f53bb2448fa243a97efaa55a74.mp3,hello world
98d818ca90d44bf2bde405edac30d680.mp3,hello world
d872cb25f883465ba0560c4003ba25e7.mp3,hello world
87c28dc1d75a4de484864ff558d13426.mp3,hello world
57b033435e91416dbfa0cd707832bdb0.mp3,hello world
65a2d0727ee64c4084d8bf289be2662e.mp3,hello world
2b9e45d7270d473fb341dd261da09137.mp3,hello world
ad6253cb73244865aca39741efe75a7f.mp3,hello world
7091451f5f6b4a8cb66e3d6adb453764.mp3,hello world
9a35d1ae86eb4210beae29ffd6d5c1dd.mp3,hello world
24dd0d0682784f05872227a95c8ab51f.mp3,hello world
d7939204353e4e45baa8177eafe5d25e.mp3,hello world
12543d9bdfc04e7a90f9490919456857.mp3,hello world
34508253d4b048668149dbb8a4cccc66.mp3,hello world
d1d0045f06d140fea003b6f675595744.mp3,hello world
c5ca825fbe4c46e192431efdfd36009a.mp3,hello world
cb2efccc72c64eab973c3477fc953942.mp3,hello world
c90680e216654ad7b0b29866e7c36e61.mp3,hello world
46b362b6de3c4088aa2b330aecaa4f36.mp3,hello world
d941c47bc4be49308db66511b5db8f92.mp3,hello world
c26f78cb1fe244e3be3beca1023edcd5.mp3,hello world
017079412a5c48f99d676c94e17a5e98.mp3,hello world
d2d342930fa847d0b2b4b4bfe373f81b.mp3,hello world
c87b5c0f53df4ccfbfc555104f27ca3e.mp3,hello world
ab48c0a4df124aeaa3d2604cd9a23aa6.mp3,hello world
274662a7d6704e0793b039e496f61e6d.mp3,hello world
8339fb4cfdaa4c7285f387203b28e3ef.mp3,hello world
963ba3f8b91b48b28ebee262e9aea8d6.mp3,hello world
3706df94253b4b4581de0c9f795655af.mp3,hello world
a94a88bba1d144418c439dcd204a3ecf.mp3,hello world
457f3cffb5b04f0e8b0d5410670b5d71.mp3,hello world
1e909b37c5c04a1a919ece596cfb669a.mp3,hello world
615060b5381e46de8afa0304e47005be.mp3,hello world
c1a21e43a41b481b8a0130f3ec8524db.mp3,hello world
c717ddb0f80c4a20bb70a0ca22a46a72.mp3,hello world
64c6f13e1a35478ba74def69fc4a8190.mp3,hello world
e43c8e94ab2946cb9417149c32388e2d.mp3,hello world
7360fc24d4304ee18a25982c69f93e12.mp3,hello world
66fd4a06c99e495db0f95739e5e635ac.mp3,hello world
9faccd3f58b94533963ec6b26665f9c1.mp3,hello world
7962697e027c41a29a49d1398adebb1b.mp3,hello world
5aee37e4cd9c4f9aaeb978b1a8c1016b.mp3,hello world
e790600ecca24d97ba02327945bdfca7.mp3,hello world
a3a48bdecf104d67949c8743aa6078fa.mp3,hello world
e0e9df9d726b4f9b8de2ab774686220b.mp3,hello world
a9d4bd4526c2427e9f8f6e9262adf375.mp3,hello world
86d8aca387b34675b501f521289a7644.mp3,hello world
ea55b8d97a9b4405a3e96995ddd7cfd8.mp3,hello world
ddacf50e9a7e4deda90a4df9608e3279.mp3,hello world
6f57443a5bea41bf8a2625f3136e04ca.mp3,hello world
bf7879958b624428b36822ee66cb077d.mp3,hello world
4b9f1dbc37354643b95c33ccea9ea910.mp3,hello world
e51c14e7ec984e89b3091d8ed6d07ec0.mp3,hello world
79a052e9885f4ccd982e56d70b4d4072.mp3,hello world
0e6464926c3c4b9b87e171964626da4f.mp3,hello world
9952d4d8ce4741d6ab4e57035350a06f.mp3,hello world
71e21efa19434683ab28bf4b06ae69b4.mp3,hello world
749f29e406e34512a33ecd9be9dbffd4.mp3,hello world
66422a7ea3914e1ba9111c111eefc581.mp3,hello world
824a147cde384c5f8d59f158520f02fb.mp3,hello world
bdc828222f634c6ab88322074fd59f98.mp3,hello world
19f489836dfd491c817b6dea70d8f670.mp3,hello world
9da127dc98af4ed1893872a15722dfa3.mp3,hello world
a651a924a6c44a0a8c45006d949dadc8.mp3,hello world
6576f9352f2649178002b8d26e2a9432.mp3,hello world
efb87407e7254c60814754b1db8c49af.mp3,hello world
769da97b470146bcb87d3fc6a64625d1.mp3,hello world
18af4bfa43a740398b1edbbb3f7e61fa.mp3,hello world
14256335ddee4a9ebc583bf4bdd6b65f.mp3,hello world
70db7aaad2484400b32816cd6d38db5e.mp3,hello world
a1cf2ab8c36f4c13994dde293fdc625c.mp3,hello world
8514f355e53d400ba42c308db534be84.mp3,hello world
b8083cd95b8e408685382a7992bb6ba2.mp3,hello world
01293be3f85b4f84be3c258e22fbe29f.mp3,hello world
84ea3a488b634b1ebac5f02e3452e8a7.mp3,hello world
1ff3abf4aa504bd8a85f2192d68eb4c3.mp3,hello world
4fe9e11c862f40c8bfcd2ee854a31c76.mp3,hello world
55c6a0731e6d4eedb3f13410249d1167.mp3,hello world
20ea980a5a46488f89dab958740cc794.mp3,hello world
3c135ff7bcac437ca6ace227dd7c4b42.mp3,hello world
2eb6c2175d084005ace90bbe39d7d6ff.mp3,hello world
b9beded57a2a4f6380051b8786623558.mp3,hello world
cd7de2ddf2b44b1486c29003d40de2d7.mp3,hello world
eb8250ae9d384bd78129c387e479182f.mp3,hello world
648251ae5eee4416a69c2c1c17fee25c.mp3,hello world
fdcaf440e84148f1833c315ad0e24aa6.mp3,hello world
e8234ad90e4b47e6824cc0dadc530ff5.mp3,hello world
8e7f37a1348e45eea116c13fe5ecfe8b.mp3,hello world
82bfe6321cff47af88036f23f0764dc2.mp3,hello world
ca937a20d6d94386b4c77c056def8f8f.mp3,hello world
f80e9eb646394d909c332e8db3dc877d.mp3,hello world
5d1b49348af54a5193f40023955b524e.mp3,hello world
0c45968c403e45878d191d3877b16d78.mp3,hello world
c7a042ac2c594c3691e6b237594762a2.mp3,hello world
40ac10d54018431e9c3aad3d73e5ccca.mp3,hello world
50a9171073e14e3d9b1e14d6220b0305.mp3,hello world
6283d62e55fc469aa9e3fcec75a506f9.mp3,hello world
e79e1ee8063a4c16adf911d181690523.mp3,hello world
d5397aa21a7840159a977da8c8ccce8f.mp3,hello world
9ba43fc7336c4e40a38e5ed8e550adde.mp3,hello world
55f402494c0e4a41b97e6d7ae86fd21b.mp3,hello world
d9e4e9d1ce7e428caa5a5eca05fea8fe.mp3,hello world
6572239bbc7b4fbfbe277161dc64f2d7.mp3,hello world
e198fce182694e31b7bef531a7a0af52.mp3,hello world
40f8149ff2ac4be39bcabf71ba2e62da.mp3,hello world
eefbda4fe22942e9b12e91087717f492.mp3,hello world
023ca817806744c3bfa207809c9ddb50.mp3,hello world
b1e5803f12114222880975ef436cff35.mp3,hello world
f994c0d6f4b944f795aaff381628fbcb.mp3,hello world
ec119c2e8416401db6dc6f2b761f5a44.mp3,hello world
be2cdf6177bb4b9a96e96d6ab85067a0.mp3,hello world
803e261bbec740b08f73bcb9a862320b.mp3,hello world
8f2f9016511843c4a29751d6a6df4a9f.mp3,hello world
d8ebefb36ff34665bff9e61e253bc07d.mp3,hello world
b091831887db490982216aa77109b797.mp3,hello world
0a3cddf0a0e443c8976df78666299189.mp3,hello world
df500e19bcb0426aafe98d6439fd691b.mp3,hello world
cfba3455fba9448ea1570fafc8b17c1f.mp3,hello world
690cf6e1d09946f4993483501b74a208.mp3,hello world
81101b563d7145108f5624b95dc10b8c.mp3,hello world
1cba20e7d6854d79b5daf35a47368c9f.mp3,hello world
34794e3bb96b478ea3e34ba5d523d5c6.mp3,hello world
1d2c92fca36d484ab907d090856f5550.mp3,hello world
f907786dcb824dee8b03667be691893f.mp3,hello world
d0e01afbcf5c4fb7b698d4e555a3466a.mp3,hello world
bea9fa5bd03345d5b4fdd170217a63f5.mp3,hello world
00b9a238e21541ae8411c5a4fa36c52b.mp3,hello world
c0bcf92fd2a1469884523939df551282.mp3,hello world
208cbd945bac4e1a9d4fc574116e210b.mp3,hello world
0a834612b0f4464d8e5618ac4dbb0ba6.mp3,hello world
18844e741b974d2d9484de109a8cc3a4.mp3,hello world
37a24165b64949e2bae6ee2625777ffe.mp3,hello world
3ad208b13dca436e990a3dfd236fe7c2.mp3,hello world
286df3ca1aa24818b27cf9ad7b7ba0a8.mp3,hello world
9f50274f159c49a98a19450549fc9c9e.mp3,hello world
90f9a9dda15a4253a6290d2d135016f0.mp3,hello world
db47d03cc407477e9c3bc846b5c976ba.mp3,hello world
7e86154ecc6c48698e32bfd6f948e8e1.mp3,hello world
5fa413ddeed642d28eefbd9de43b4216.mp3,hello world
6c809a487f9c44c79f7f4b3aaab92b82.mp3,hello world
1c9abae85cfa4434867f00e871b38347.mp3,hello world
4454a2506fa5406580e4509cff957167.mp3,hello world
f7406f45c30e403c89b45af4c1673e7b.mp3,hello world
5ca3ce7938f34ff894fbdc38b0f6287b.mp3,hello world
4565a0967e4a409b91cde7a8576a9ee0.mp3,hello world
f784963ee08c4b8e898007cf7b22c081.mp3,hello world
4cf7e038a7b649f9a2b5172ab80163d3.mp3,hello world
0fd58624d0634d158193900703b53308.mp3,hello world
67556f4cf19a4e2cb1508e25d99eba23.mp3,hello world
f3228d8612b6488fa8b4a0a1dd0e79e8.mp3,hello world
f270788dfd4a4be2bc82e2ef1d190c0e.mp3,hello world
650409476a7743839968e242a25312ab.mp3,hello world
8072026e586441459135d723ae481428.mp3,hello world
a1842fd6bf5b458aa404cf3da456d575.mp3,hello world
ccd542183e7d49668be27da2d20d26f1.mp3,hello world
cae0e7604f494c04883e048ca77d7cc7.mp3,hello world
84a5914999ae41d5b5ce893f275fd65c.mp3,hello world
f743753d3bee47fc9efc6fe7f7112cd6.mp3,hello world
ecfb6504ab4d4615a8909f17c26113b5.mp3,hello world
ee18f570766d4e5892b6e8b8bd446326.mp3,hello world
b3651fb4d7204d98858c7dd0df6178e6.mp3,hello world
a0aafeb9cef04eaaa12089b72277115a.mp3,hello world
d3d5d1bec1f24d23ad642fca62c5f41c.mp3,hello world
5b6ba4b7cbc045c082bc86d0acf584ba.mp3,hello world
9f1014826ee04f5daf0a349fa344d210.mp3,hello world
78f1a86cbdfa4556a0550c735a1fb80d.mp3,hello world
822fd646263446389228871f64f78df2.mp3,hello world
bcdce074dde04fc6b6a8751fc37fb8a7.mp3,hello world
1e065ba241f44dba9e8617e18dbb3be1.mp3,hello world
fae899a84ccf46a7b98e27187795f77d.mp3,hello world
d7c9ed8c72ad425590310836adc78419.mp3,hello world
c520d90a8112484ea7fd858dddc6489a.mp3,hello world
6ffba33b8cf145ffab9865c153fea32c.mp3,hello world
40b31ccd15954707a8e70c3c027a3440.mp3,hello world
bd608bf522064c5d87372d86679d5c83.mp3,hello world
9f57eeb3e408464fa4fce5b5f4f283e8.mp3,hello world
c352b858105d47a49699ca9ba84eaa0a.mp3,hello world
1e5b368753a14244a677eff1ce1d7d47.mp3,hello world
385888ce12384ba1bb5f7cd67dfa49f4.mp3,hello world
5580a44bff7541d1a6d0fbf31f553c32.mp3,hello world
1b20534c398242f3b4ae403532448154.mp3,hello world
ba77f32255fe498392d91528f00f8dc7.mp3,hello world
c6d88194fdba4c7b9efed2c9ca8e0643.mp3,hello world
83464eacf4284e9488ef7905d04b7044.mp3,hello world
4a14007beb5c4e07bbd2bf811588ef26.mp3,hello world
a59825bd19b14c73bcb6722401487f4d.mp3,hello world
0be546cae85748009caefabbe0eae679.mp3,hello world
c3c1e29f04f94dd3be453c27d958668a.mp3,hello world
fff9c3a3c33d4f13bc6b277ee4a21112.mp3,hello world
f9c4f7c7f0fe4ade82c1afa770992ae7.mp3,hello world
00032ac43aba415fb213094977e1a27f.mp3,hello world
69dff25c1c5e4c5ba0d8cb0debbd19a3.mp3,hello world
cdcb71d956a74b43932b4dffb34a7fa3.mp3,hello world
1373fb7a68bf4616b62209104ae023fb.mp3,hello world
3b61328288af4ee3837a0298147417aa.mp3,hello world
a72bbf5104614cf9b1184f322cf29b3a.mp3,hello world
4591c9dfdf6a44989f8e608b024f7f3a.mp3,hello world
67337b33160146618d37fc8f87fac60c.mp3,hello world
f25a4ef4616d4359863c42748b44e6e5.mp3,hello world
6e1fdc77379a46949e490516fae8971b.mp3,hello world
d32b53d9aed0451a8a6b673ab8d264fd.mp3,hello world
60748a5bea6c4117bc641fbef92f1e6e.mp3,hello world
27af90a75b804ee6a85f80899ff7625c.mp3,hello world
6ad198c2866e4c65be3f7b2f3f87d96c.mp3,hello world
5fc8fe84538d49798630eef494e15e24.mp3,hello world
96106d4962104a3d9046c4974c9441ee.mp3,hello world
aba072d21c9a4d67a0b893a6d7468bcb.mp3,hello world
0c5226376b1a41e78c0cc19cd2d86069.mp3,hello world
f063f759cfc04083addacdf2e7f4fcc0.mp3,hello world
cd578b7d10174758b3ca4232f4ab47a6.mp3,hello world
23e0711024304399a10ee779a159fc64.mp3,hello world
12343028f55248618ec1a3e00606519b.mp3,hello world
6a502637244744d4af75147ad5d4f9f9.mp3,hello world
7239817ee2cc42ea9b062bdd0b358f96.mp3,hello world
11ec73dd42fe4f98b5c42cfce3b52656.mp3,hello world
f14569429a1845139a3c93eaf1f9b5f1.mp3,hello world
ffefdce948c24f0e86c12ba6ca910f54.mp3,hello world
cc3c0f10f63d4704a2973f5cd772c4d0.mp3,hello world
56b99919dde9431a9b1c4e27c9d6150e.mp3,hello world
548abe10aa6a4166a547fef30766c308.mp3,hello world
39d9d9fd51c64bf68ccd741df1bd94bb.mp3,hello world
891db7b2be84423d8fffdb6dedbc05c0.mp3,hello world
16c24f09b85f40dfa7a64a7f5b9bd7db.mp3,hello world
a40bf567451445e79a3d2a7ee1c0719d.mp3,hello world
3672f1ec63b44c9c998adb00a01d6846.mp3,hello world
9c11e362b15a49d4a0e4aa6fcee74e5b.mp3,hello world
d4e0a643eba34ca092c8f5df243c056a.mp3,hello world
a7679449971245dc87e0ed5c5cdef02e.mp3,hello world
fcef2b615fa1406295d257ec8af2050d.mp3,hello world
e770ed47ccc140c0b0357e6248011b0a.mp3,hello world
a3146817feca4c80a3c17b26d5587aed.mp3,hello world
a0780c33b11e45a380aea9ed0fe8c4e3.mp3,hello world
08f24ae496804f09b1024e0511fc19f3.mp3,hello world
2654915926fd4b1787b243e8404e5a07.mp3,hello world
5f43163d39884463b0db444253b9dd6e.mp3,hello world
b24e9abb9bf247628abbd4ab16e56b4b.mp3,hello world
4ac022873de64b77973398b0cfd86c04.mp3,hello world
c416b142e73640ecbdb94d634aba08e4.mp3,hello world
78e9c54c7ea341809b4f0eec34a35fca.mp3,hello world
bc3067082410488488ef10a591e50cfd.mp3,hello world
e7149eda858b43e3a65043ba5b141f9a.mp3,hello world
4ea0089ffedc48bfa0d1a1cfa9dc86cc.mp3,hello world
711cabf3708240a3af3ab1c0fdfb4db2.mp3,hello world
605aaf7108074e639d86378ab6d66b40.mp3,hello world
3661e806ded44e68b63f0f04fd89de8b.mp3,hello world
9a74e6ae1367494caed67030dca7808d.mp3,hello world
28ccd33a0f684bdebbebf5db0ed8915b.mp3,hello world
b6f3a2ff7cf2424aab03258348f625c3.mp3,hello world
01d539967b3e41f0b9cc3d15e16d8435.mp3,hello world
29b358512ee644cb87209d0e7cae2eaa.mp3,hello world
09f97ba0f6d54c3b8f9ee095fa26fecc.mp3,hello world
75094e145f594025b1b604889908a6e8.mp3,hello world
dc1e048069e64793a03ba84f1a2e1d6e.mp3,hello world
38897970196b4292b612664f6d90473f.mp3,hello world
946ccb2afd1e4687812141752727b0c9.mp3,hello world
f168df98694d4e62a931333b4839bb20.mp3,hello world
6c3aca5eab4b455db424e0ff5da85cfe.mp3,hello world
7e763d731a614048b01222b38dded3ec.mp3,hello world
e58391e48fd744e5a5ef2c2b38bd4949.mp3,hello world
9903ee57416940bb953949d39ec736bc.mp3,hello world
c382afe59b874d28aab1e53adf0e9f21.mp3,hello world
86d850cb59df4030beaadb695df1b3d1.mp3,hello world
eca775c3dac24a0bb4eb038dcd661a4f.mp3,hello world
d237be52fca54345a5e959d4887c90da.mp3,hello world
a9f09ea4464f43a3a20348d24441ea7f.mp3,hello world
01ced59ffc7042d0aa552400377fbe7f.mp3,hello world
17eea8ccb8c14927bb8dbf37c0932c4c.mp3,hello world
09876e445d8a410ba05510a4a6321768.mp3,hello world
fec8a1d0a4fc42dca6f4ff278aedad63.mp3,hello world
4bdc21ce876146acb0752e68ecf00a84.mp3,hello world
bf5c431de6224a9ebe32fa79a5fc0520.mp3,hello world
ce22e0893a5b4f2dae43c73051cfe30f.mp3,hello world
8867d30d9d714e6fbeed7e200b384a5d.mp3,hello world
913b8171089647d6b0826462dd0db488.mp3,hello world
f985e5b7f441468bbc02c171e1988401.mp3,hello world
223aeb5d29804cd3b94a45903ea1ea27.mp3,hello world
529d18a841514873b3d11c8d2f074ad3.mp3,hello world
9bd1589917014c488bf73627a599c182.mp3,hello world
e254b0cf918f4e6c968d576c22d8fda4.mp3,hello world
38aafb19cc8b42f8b38e63f8133610bc.mp3,hello world
34a9781a8c0345a3aba2c6975275bc9d.mp3,hello world
1d649af299c346e7a9d93799b025b0dc.mp3,hello world
b658444f318a4ac29480c030e1dab21b.mp3,hello world
594fbe159e294c8d9499200cad738166.mp3,hello world
4d9d8f7374a8478584de77ddad79df4f.mp3,hello world
ec39755f93db4f00b675bae50eb87b76.mp3,hello world
619e6fd680674b0f8d97cf79be27a7e7.mp3,hello world
c9ce8845e25e430ca6636476d2a6a474.mp3,hello world
bce0b5d3f751402c94117c8547ecb9b5.mp3,hello world
9b689ba559d641aa81a13166f765653c.mp3,hello world
d7462cb46b3f4edba4b596c080440a3f.mp3,hello world
938c9394e65a494b8492037c2933a852.mp3,hello world
abf19970876e4058a8946e21ef26fbe9.mp3,hello world
d192b9b3a6e6462ebbddd8e635132d97.mp3,hello world
d0a62fd882cd4f46859a1f41ffadbbe6.mp3,hello world
c481150d57a64327b148978c9f490925.mp3,hello world
767842c5f7b74b57b84a06a87bc07d6f.mp3,hello world
aac2808c08ff407ca3b40e64ea565206.mp3,hello world
0a573057167b42ebbe2323fb8f1853c0.mp3,hello world
fc884fcb12f949219859c34b3f5a454d.mp3,hello world
2b4c4aa3a0964a568eaf96d6ccc91841.mp3,hello world
4effece952ba47aa87ea1eb1938fe036.mp3,hello world
849e35c0ca264deeb8743c0fc505ccf9.mp3,hello world
c88956889f2f4f8cbed58fa1e02b5353.mp3,hello world
7df33c48e5dd4bbcabe8669e35eb34cf.mp3,hello world
6fe6123ab4e04cc2af8650274f5b9f99.mp3,hello world
eda69064064647409449217411654a78.mp3,hello world
5d350255db634e1895d5bd8dbc1237db.mp3,hello world
a4cc03146b064992a955dfb424b01d63.mp3,hello world
e8b0eac7af974f2d84e2beac526c0028.mp3,hello world
5bbb4ce295994e7b9cd95d74714a0f8c.mp3,hello world
6f2d2329683c40dda69b250365db828a.mp3,hello world
0b99c206f1be4eb2ac32acef767b69b2.mp3,hello world
9dc7bc70d7f74a82869224ae880dd818.mp3,hello world
6379f591d203470aa8be32af1cee81c7.mp3,hello world
7b2b52ff6a9647deb751b648e46ca23a.mp3,hello world
1768ab518d81410696da0f6a2fdcae6a.mp3,hello world
cd96fdf5efa24b47a8bfe4238a3db80f.mp3,hello world
44124967b08f4b0f896324d6bb9cfa3f.mp3,hello world
a8331d3a89754a87a720bc14474ab9f6.mp3,hello world
39917dfdeb7c44a6a2b7df39273db0d8.mp3,hello world
f5a9c2d29b534279a3019539f5ad8e2e.mp3,hello world
0e4735e98c50472695c4587b8a138876.mp3,hello world
72eab2094a294fe1b5b04c31196c6d7b.mp3,hello world
43f1dbb136e4405a91b9964f72bfb145.mp3,hello world
94d2d6351b494c69a3cb245c652f1d96.mp3,hello world
2dc205e01d5645778641bb050b8006b8.mp3,hello world
af3a70ca1e9f4074a325b24ee22af190.mp3,hello world
df5135b36a4e441e827c36d1a03a6ed3.mp3,hello world
1f517faa3dbe411bad7fe57594b16229.mp3,hello world
7e2d4f53483b4cb7a561155ae71c069a.mp3,hello world
21c72d60667544e5a0fb343e4835dfdf.mp3,hello world
070da55635914cfda871047274942019.mp3,hello world
93c4647ab4cf41bb842770b0ee7590e4.mp3,hello world
d4b822c4c5da433ca7d6e43e378428d9.mp3,hello world
08b5ac492f9d415dbcf4c7009035745d.mp3,hello world
a77406cc3f0d4fb1a1e88c51f1fe6072.mp3,hello world
84103c853ba74e79b9878b7eb94f2636.mp3,hello world
eff5b12be0b941429242e9fc1b1094f2.mp3,hello world
5974f65e62664b97b22cb336c3c4503e.mp3,hello world
7d8ac7e505a445c09104101ddaa5d6a8.mp3,hello world
3b269f7b2e724b289ed0a25730e6da0e.mp3,hello world
63f112d8e2c942ec91aad52395a1ca6d.mp3,hello world
04cef491fca34f14a408c62f4a3409d7.mp3,hello world
118894dff30e492eadf63ee78ad14b76.mp3,hello world
b7568c6a1e344ea0b74888ee4c4ff051.mp3,hello world
85ed5b6fa30c49b3949c36dfdde61c51.mp3,hello world
1c2e00bd0bae46f19da59d1c1dc9d31d.mp3,hello world
04b35010e27a4d13b1d1662208c8a856.mp3,hello world
98d3a91a9f1d4acb81829128a7b0b3e0.mp3,hello world
eec70d6841e942fc89a17e50a35a47ab.mp3,hello world
25fc68eae0484d28ae8f2aaf24902f51.mp3,hello world
7d43bea0eefb47a7a34e0589e16b5330.mp3,hello world
687a85b006fb4cf9ad4b41649e5bf1c5.mp3,hello world
ae394f1199034cbda0ebec747ed13865.mp3,hello world
2f0265f5b7c3442b9d239f02fffc9ddd.mp3,hello world
5d9c57cba4114ccd9446834f939ab577.mp3,hello world
2888d8c5a7b54c4d91a143e042a14b67.mp3,hello world
83c6e2eb245346f8bf090592e6e9ecf9.mp3,hello world
d1d99a6c232d4a6cad368349acbab855.mp3,hello world
c829a4b112a64eb9ae50d03f62d88e3c.mp3,hello world
99746adc452b4802a3da5632438cbc4b.mp3,hello world
af6481a2dc8f4896aa9242424d0b5864.mp3,hello world
8d06b08859904d0fbc0310e4973dedb3.mp3,hello world
8b19e749c94b497dab5bcce27231088e.mp3,hello world
d9d6cc106560439b9da70d50e8271054.mp3,hello world
a8c8cd1736314a81ae43f7a83393d195.mp3,hello world
89eba50f607147598f3a0cb77d8b6448.mp3,hello world
302953bedb5043cfbf9ca611bf77d89e.mp3,hello world
968901453ad0483d8d6df87f8026547d.mp3,hello world
81a22480cc674ad8944bce6cb27973c7.mp3,hello world
56fdb5e45dab482796403e0bbc0e459d.mp3,hello world
f74d68575e8a416e8c515bc366abf8d1.mp3,hello world
52febcf14c634b23a21484f4d9bea0b9.mp3,hello world
788c12bc5ae94d3588dc6ef50faddd1f.mp3,hello world
d0efdf3a80394549b781f5dea47eb463.mp3,hello world
2414f08d0f864947a655a097a5feb529.mp3,hello world
bb8f188ad5ca44d394982b46a6acfd19.mp3,hello world
0b18fd1e6d214a3aa776bc0e2aada027.mp3,hello world
32838fe3d177458eb773d752cc89863a.mp3,hello world
4c6c470c8dd8406b983cdbe697d86b25.mp3,hello world
80c1d2869d4b4558bc4f049c9e78821e.mp3,hello world
a499b3e479284faf9254b686b69123ba.mp3,hello world
ef37e2f9f8534dee8786515f1f558cd3.mp3,hello world
629f4239e6914fca8fe7a99eb81a1b08.mp3,hello world
49e8218373644e26a9c167d0b79d5c1b.mp3,hello world
3d85113bc50a41069001273ddf07311a.mp3,hello world
f930d3d10113433891020e3c98539d39.mp3,hello world
ce886d48185147d88f66c239978c04be.mp3,hello world
01173b94d9b5462386dfe0d1aa39934a.mp3,hello world
3c8f031f9355428fa3fd3a231edff19f.mp3,hello world
60660c6125f74cafb416e78923655145.mp3,hello world
9a7cc605dce74cb9bb912afb7184cf24.mp3,hello world
eba4c0bdcec9403385ea9ca75f700e92.mp3,hello world
5085818e56fd4f3b94a31f53ceb3bfea.mp3,hello world
64b54c376ecc4e8e8e8bba7991e85eb6.mp3,hello world
d58c427f59294e5293bddf11c2fb84ff.mp3,hello world
b5ad499546034b5a8724a7020e443739.mp3,hello world
7f25757358064a65b6362e631432b44b.mp3,hello world
3144824c1a294c63ba9971b088ddfde3.mp3,hello world
3e4a276fdf184b259d28114a5d9b0e90.mp3,hello world
2339f6e1d4544c50b9ef8cc753925e63.mp3,hello world
73b957ed05f347f78c29a85829de7955.mp3,hello world
26ea69f6a9fb4e2db039dd47377e65d9.mp3,hello world
100f4fc79fd5456588db03d8ad2f2506.mp3,hello world
824bf2e58b0a4ef9b0ae9ce62138a4b2.mp3,hello world
5f69340e62f04c929fb6430f3d5bc30c.mp3,hello world
5a7012a10f4b4e0ea11f4b06b6aac6a0.mp3,hello world
8df5163e7c7947578f36ba4510712953.mp3,hello world
9a64aceb3c174f9bade19c248f139d81.mp3,hello world
b4b5cd8aeea24456858612a8849f869e.mp3,hello world
6dfccaec83fc49e49cb9545451bfbc5e.mp3,hello world
74ba7d831d1c4ddebf5aa5d311a9d6ca.mp3,hello world
90996820ed12462a94486e890a214509.mp3,hello world
16074a379d8b4415a2f740c2eaa7dd00.mp3,hello world
3dcd7449867b4a0797371329b55bff46.mp3,hello world
a5449c15cfb143159c3e27726b0a0c8b.mp3,hello world
e4578c82a8644e5797a48cc88fcbf375.mp3,hello world
f4404a90a40945a4aa492401cf147b5e.mp3,hello world
8bb2963af73e4d85bcb20aa6ad45aaa4.mp3,hello world
c1d5e69997ae492199552673c1bc62bf.mp3,hello world
8b260b75c5fe4664b44355161194e061.mp3,hello world
85fbbb7a32564e0bb1251a59b5568b8e.mp3,hello world
7728b84eeebf4b409a61092de7e49a95.mp3,hello world
a22883f6af2b4e4197fb91ff045d3709.mp3,hello world
a67d2ed0cdea428382491207edac4730.mp3,hello world
1c2026d6f8b747759b14d4170136471d.mp3,hello world
8bb6d87dc7b548aba88edd7921c5abc9.mp3,hello world
25f6d8516acf40acb9d3d47b25232b47.mp3,hello world
01ea8d2c984e48f8a018ed29ad296adb.mp3,hello world
5e549c11f8584a02ae7b4759ab722145.mp3,hello world
034aeafcb5a942bb8025a46a441a6b80.mp3,hello world
1508869f06fc41b3a33507fa6e524939.mp3,hello world
0f08a2526cc14e529083e1d1dfcb754c.mp3,hello world
b3815b36c4694c5197a240e7294bf12f.mp3,hello world
6b3246aba0f94171bda497220a075edf.mp3,hello world
67f28fa2e38a48b3a352fadb6e34f382.mp3,hello world
4cd8b5c7eeaf4888935366564f7500e9.mp3,hello world
703b91f678254753ba500009488f548f.mp3,hello world
084cd45f72904031929c356dd7ebe7d2.mp3,hello world
65cfd7958b9548bebcc96332f85852be.mp3,hello world
6227622070564d82b6d1de4fa8387d2b.mp3,hello world
13f791e6bce14685871e2b1c4632134e.mp3,hello world
c7de6218e4bc49c08779457923baece2.mp3,hello world
3725181225cd4c22a37a57962495ccea.mp3,hello world
5fe290bc92ad493c9d301cc5e52fe5d0.mp3,hello world
3368a8ecb21a41778167d32a4d3abd47.mp3,hello world
7b4389ae1df14acb95a3c0746b0d609f.mp3,hello world
1ba407fb353c4b56bf9a09bb197da022.mp3,hello world
14cb327980374ec9b364a8a167bddeba.mp3,hello world
d50db3de6f7348b4bf543a6a29a95267.mp3,hello world
b32da6ff3e234218b6e40966ced1ca29.mp3,hello world
d7b4315120c84291b6f89144cafa7edc.mp3,hello world
ad7518658ccc422bb9d200c002471404.mp3,hello world
c0c51a849ee849dda31aef515690b30a.mp3,hello world
50ce9c99888445d8bc096c3465e6e529.mp3,hello world
948ea8cfc31747bb8e2a3cf5d9b7846c.mp3,hello world
d56b9be983da4c9285fc024ae4ad9c4f.mp3,hello world
3d6adc3ea27e47558631663f27f3c3f9.mp3,hello world
50e82d3d5e4749188e04568163fda5b3.mp3,hello world
fe38cd44d2a74e7cb421deef04a83781.mp3,hello world
2c82d40b8b3e45eebf7c70d1c7b08976.mp3,hello world
91c9801d882f46229b1cf78749eb60b0.mp3,hello world
a130dc5910f948b99240482b099f7c84.mp3,hello world
60e86981c4f14b768ddc1ca58eb381ca.mp3,hello world
1cb1c067d23d47a6a03a06decbce7063.mp3,hello world
6d6642c95c9e479883e440e274ef5c57.mp3,hello world
7a95d67755c04ce199042111273ec6af.mp3,hello world
27e5aa64bd084e6bb4fd8547971e028a.mp3,hello world
82bd909938f046188b2f580a3f34e552.mp3,hello world
9940fed0b6674349bcef47740ece1468.mp3,hello world
1c47586c62d4450dba9acbbca2a9d04f.mp3,hello world
773765f391904efa9ffd6a9d3fc64805.mp3,hello world
fa5af155444f452ca12ea58f1c9c6464.mp3,hello world
b50a8bc3a52b4a3fbbb9eaac5dbe3076.mp3,hello world
2eb711ab7eee490fadbe33097ab1a40e.mp3,hello world
354d8aad86e940d7a619830162bc4ed9.mp3,hello world
adfaf4ef4ce145efb47ff985e4c0d858.mp3,hello world
1a97362101414059b4faac2b924da408.mp3,hello world
cf24fe88a9d048a9afdcd06fc727dc8a.mp3,hello world
bee5e96de8cb4e4084c9841a981c74bd.mp3,hello world
016d3f8ad3404703a3ab219343fb15df.mp3,hello world
60514fa2d8ff41e5b21c1d5f54ef0eb7.mp3,hello world
7a696c6cbdd7405f9db760e25306b680.mp3,hello world
fbfd67938fed41509980febb55058139.mp3,hello world
31cf26a2a16849b68d7b9b6b6b0ee3fb.mp3,hello world
f04571cf0e134c65a34a29a5452bdf4f.mp3,hello world
035d431305364de898d8cb810165550f.mp3,hello world
caeedca657bc4ace9bc94c8842ecb54a.mp3,hello world
