audio_filename,transcript
0139f1b848e94f6787b93ec64cb4e538.mp3,Cuma di sini aku mau cerita 2 pengalaman aku makan soto yang paling berkesan selama ini Jadi asalnya juga menurutku paling enak 2 pengalaman itu Yang pertama itu pas aku SMA jadi di SMA aku dapet bajaran masa pas kelas 3 Itu ya sekelas gitu ya kami gantian masa secara berkombok
014fea4bc9de47cd8474676205728e30.mp3,"Nah, 5 kucing ini beda-beda asalnya ada yang datang sendiri atau dari mana tiba-tiba ada di teras atau di halaman gitu. Ada juga yang lahir di sini soal induknya dulu yang kayak gitu datang tiba-tiba gitu. Tapi terus sekarang ya induknya juga udah mati."
0196932cc90c4745833956b03088c838.mp3,"Nah aku saja kelas 5, sampai kelas 6 itu ya selalu ikut kelas tambahan, kelas belajaran tambahan, sorry sorry gitu. Jadi itu habis asar, jadi biasanya pagi sampai siang, ya kelas belajaran sekolah biasa, terus sore ini ada tambahan kelas itu. Terutama buat mapa-mapa yang dipakai atau di ujikan di ujian nasional."
021e8fa1c5a44e85bbc2325f3c0c236f.mp3,"Yaudah sih, meskipun bentar, cuma emang liburan terakhir itu tahun lalu itu ya, lumayan berkesan buatku Soal emang, udah lama banget aku gak pernah pergi perjalan-jalan sekeluarga gitu, jadi ya ngangenin gitu lah suasananya"
031234872a734351bf6f80fddeca2418.mp3,"Jadi, dua itu pengalaman menyenangkan pas aku makan soto. Ya, ada juga yang lain sih, tapi kepaling berkesan itu. Cuma pernah juga sekali aku makan soto yang kurang cocok di lidahku, dan kayaknya aku kurang cocok sama rasa soto di daerah Kebumen, Jawa Tengah Sisi Barat."
03f2aa9e6a44423fbad778cddbd52645.mp3,"Pokokannya, yang penting buat self-reward gitu atau jalan-jalan gitu harus yang emang aku senang dan gak memberatkan juga tentunya gak bikin pekerjaanku jadi keteteran. Jadi pokoknya aku harus bisa ngatur waktu juga supaya gak terlalu fokus seneng-senengnya gitu. Tapi tetap harus fokus kerja juga."
0494fb9b49b74aa19b9c791c46feefb4.mp3,"Selama ini, sekolahku tuh belum pernah ikut lomba-lomba atau udah lama banget gitu terakhir melulu lomba soalnya ya anggota nih berapa tahun terakhir tuh dikit jadi kurang dan gak bisa main semua instrumentnya lengkap gitu baru mulai angkatanku itu kami bisa main semua alatnya lengkap gitu jadi aku pengen coba lah untuk nguci kemampuan melulu lomba"
04afe9f7e57b44f1bb069eb58fc81a50.mp3,"Tapi jujur ya, kagetan-kagetan gue strakular ku, membuatku lebih happy menimati masa-masa isen aku. Jadi aku gak gerdekos, sinau, terus mulih, terus turu, tapi aku juga belajar sama teman-teman, aku juga beraktivitas, aku duluan, aku temukan jokon-konjoku, aku aktivitas, gue gak keringet, bahagia dan sebagainya."
0597ba1d7560420591226138fd5e0879.mp3,"Nah, HP yang kita pake di kelas 2 SMB itu, bertahan sampai aku SMA, jadi masih aku pakai terus Tahun-tahun kemudian sampai SMA, semalam dulis masih SMA itu aku ada laptop buat internet-a Jadi meskipun HP ini nggak bisa buat internet-an, masih bisa ngerasain tugas, masih bisa komunikasi pakai internet lewat laptop itu"
069785f4871540a3a249bd22cfab9c80.mp3,Ternyata matematika karena aku gak begitu paham ya soal matematika dan males banget tanya kalau di kelas dan biar kalau kamu ngerjain kan aku dan tinggal tanya ke dirimu
09c191c01b3c45bd85e00ef8488c4e66.mp3,"dan aku telah rekor dalam hidupku, aku bisa lari sejauh 100 kilo sama kayak jara solo jukja, solo makleng dia mungkin dengan lari, dan itu sebesar banget ya banggalah aku ternyata dulu yang jara yang kera, yang susah kera, karena bisa lari sejak itu nah tapi, saya kaya ini juga jarang-jarang juga sih lah raga tapi ya mungkin tersibukan, terus apa aku di antara lainnya akan mekerjuga"
09e3429dbefb4e8faa1be611baffc535.mp3,"Cuma kan aku nggak terlalu banyak keluar kota ya, paling 1 tahun bisa keluar kota gipas lebaran Jadi ya, udah cukup lah pakai HP CDMA itu"
0aad1bb1b42b44d5ae4822ce32ce2838.mp3,"pengalamanku terhadap sejarah ini kayaknya dimulai dari kelas 4 kalau tidak, ya kelas 4, seingat jadi waktu itu aku lagi baca-baca buku di perpustakaan sekolah sebagi mana yaus, podomu mecajah ciliklah senang macam wajah buku jauh, terus senang kumpul karok kanca kanca nih"
0adc6bed1c5f44d3a9155f15938c3949.mp3,baik jadi pengalaman libur rancu bareng koncak-koncaki mungkin yang paling berkesan lagi ya pengalaman waktu jaman aku SMB jadi aku warga kencang-kencangkin 2 ginda kita main ke luar kota nah waktu itu ke Jukja dan ke Solo
0c7b949f014940bc93b43ed091f2023e.mp3,"Nah, meniyasatinya gimana kita pakai kelene gitu, makannya wong-wongbien senjaman Baha Hedewiki ngandue gawan, duek haman atau senjata, itu tuh kayak istilahnya tameng mereka gitu loh, makannya wongbien Baha Hedewiki kaya kuat-kuat banget dari segi spiritual macam kayak gitu"
0d86b8c86a7c4a0f9f0c5908eba4e977.mp3,"terus tau si, si gratis kamu sempat mengalami undengarkan pas beliau mengaum-aum juga pas beliau mau berubah wujud itu tadi aku oke penasaran juga, kayak agama sih yang pas beliau mengaum itu parga desa tuh ada yang di luar gitu ada gak?"
0e962f9d5ac44b3fb8e774dbd5744815.mp3,"Terus yang kedua, pas aku dolan yang wajah karta, aku main ke rumah temenku itu. Nah disana aku diajak makan malam di rumah makan langganannya temenku itu. Jadi, itu warung yang dolan penyetan gitu ya, ayam, lele, nila, goreng gitu utama, menu utamanya. Tapi mereka kadang juga jual zoto dan..."
0edb28801f834f6297939638b2904dc9.mp3,setelah hampir 16 tahun mungkin nah aku sek kontak kan aku sek berbongin baik warna temanku di SMP dan juga teman-temanku di SMP itu dia beragam kan aku dari SMP yang dibeliannya cukup terkenal di hati kota aku jadi orang-orang dari kecamatan A kecamatan B kecamatan C itu banyak yang sekolah di SMP ku jadi aku punya banyak teman yang bukan dari kecamatan kota ke bebatanku
107b29be07d1446dbead895ca479f88f.mp3,"Jadi lebih best itu yang mau bikin pumbunya kayak gimana Yang penting, semuanya itu nanti dimasak di sekolah dan Yang gak boleh beli, gak boleh beli jadi apa masak dari rumah gitu Terus yaudah kami lihat resep-resep di internet Terus langsung ngawar, nyampur-nyampur, ngawang-ngawang deh nyampur pumbu Soalnya takarannya kan beda dari resepnya ya"
11adf504a8794aa8bef5efa2406a0717.mp3,"Terus asalnya kami nggak lama-lama sih di tempat itu, di masing-masing tempat itu, cuma butuh-butuh bentar sama muter-muter. Soal kebetulan cuacanya tiba-tiba langsung mendung gitu padahal pas itu berangkat masih agak cerah. Ya jadi kami cuma cepat-cepat aja biar nggak kehujanan. Cuma pas."
13645977efdb4dbd86917b0c0a61da76.mp3,"Benar banget, aku juga sebenarnya paling suka waktu belajar dengan teman-teman pas SMA itu Emang kurang pasnya mungkin dibagian untuk PR itu ya Tapi kan lebih seringnya kita tuh kalau ngerjain PR atau mau tukaran jawaban itu juga ada diskusinya gitu, gak sih? Kayak pasti tanya dulu kenapa jawabnya gini, kenapa gak gitu Terus itu kan bikin kita jadi mikir ya"
137e4a4b1fef46c3a6421064229ed900.mp3,Pengemen malih haraga kucing di rumah ini kadangnya nyebelin kalau lagi gelut-gelut patcet dong. Tapi selebihnya selalu bikin kangen dan menghibur soal tinggal yang mereka lucu-lucu.
1391818743c84db0803ac40e7982bd57.mp3,"Saya paling ada model tambahan kuota internet, laptop, runganggol aplikasi, edit, video, penggawan, laptop, e-quiz, terus, ya, uis, oh, gawe, video nih"
1414dea70db141d0bbd563f139a20fa8.mp3,"di pikir secara akal ya encan gak masuk akal soal lagi bapakku pernah ngomongin lagi awi ngerti, bambui sama berla kaya mau ketawa ya, ketawa sih tapi kaya sekarang gak mungkin kaya, gak mungkin tapi jaman dulu sangat lumrah kaya kaya gitu, kabeh wang ngertilah rahasia umumnya gitu"
14d5f29e4b524ee3a60f3ea8f2a92ff4.mp3,"Ya, akhirnya setelah latihan sebulan kayaknya, Alhamdulillah kami sukses sambil di acara itu. Bisa berapa tinggal dengan situasinya pas kui, soalnya dudukkan banget. Seng nonton aku, dan pas nampil orang-orang ini, telok deh penontonnya. Tapi Alhamdulillah lancar."
1590319fef264819901e95747d8d1dfa.mp3,mental sih itu yang upgrade aku sama temenku juga agak shock gitu kan temenku soalnya shock banget tapi alhamdulillah aku gak bapak gitu loh sama temenku juga nah terus habis itu tuh besoknya bapak aku tuh malah diceritanya keroseng dewarung emang duet penglaris emang masang
1635a2c074f2492db7964daf8e83694b.mp3,"dan hal kui, buat gue senang, artinya apa? artinya kan hobi kan? dia cuma, sekarang kita untuk melepas penat dan stres ya jadi ya, hobi, hobi itu apa ya? hobi yang, maka hobi yang bermantu fahad, gak, gak iso deh aku suka gak mau yuk, sebab beberapa infrancar cari lo hobi yang menghasilkan, cari lo hobi yang bermantu fahad cari lo hobi yang membuang anu, yang, yang, yang milik cuman"
16ea43b691854bd697c9ecee8b594993.mp3,habis itu kan aku ngga pernah denger cerita kecelakaan atau jatuh di depan warung kuim menih tak kira-kira keonokan tapi tuh kemarin-kemarin aku bilang ibu ku wes rawno menih ibu kising kecelakaan yang gua nunggu menih ibu ku imung ha jere so po kue wes yang ngeran ngerti iya udah siap penglaris sub indo by broth3rmax
174223a8fd43444c8b61db6fa64f21cd.mp3,"Tapi ini pada kesta tentu ya, ketika benar-benar akhir bulan tidak ada dana sama sekali, maka Soto bisa menjadi penyelamat hidup. Nah, dari itulah aku merasa Soto ini menjadi comfort food ko. Jadi ketika aku nyaman ketika makan Soto, dan aku merasa teritah selagi ketika aku makan Soto. Nah, Soto Favite Club sebenarnya Soto ini sih, Soto Blora."
18ae7ce882c2403aa544ffda47e20b2c.mp3,kayaknya sama deh sebenernya aku tuh ga punya haywan peliharaan ya kalo disini di kota yang sekarang cuman di rumah itu adeku senang banget buat pelihara kucing jadi kami tuh kayaknya pelihara kucing semenjak tahun 2018-1919 nah
18beffd917ad4784b941ab3a5b12e0ce.mp3,"Terus menurutku juga susah ngatur, apa ya, timing mukulnya gitu dan ngarahin bola nya. Terus juga, ya, tenang hanya buat ngatur seberapa keras mukulnya itu juga susah. Kadang seringnya aku kurang kuat gitu sih. Jadi pertama kali itu aku sama sekali nggak bisa main."
1977ec72a5c4459f9a9f4d9007802f90.mp3,"Dan itu agak membatu lega akhirnya ya aku bisa melponhubiku tanpa merasa bersalah gitu loh Kalau kamu ada gak hubi yang kamu lakuin ya mungkin dia span banyak sumber daya, biaya finansial, fakta dan spekinya Dan apakah itu, dan pernah ke itu dia apresiasi oleh orang yang terlihat mau dan bagaimana keperasaan kamu kalau hubi itu di apresiasi"
19aaa91db8284fd181bf4c5dc835fc94.mp3,maka pengen tuh rasanya kita melihat bagaimana sih first world country day work bagaimana cara mereka bisa menjadi negar-negali daya mungkin aku pengen sih liatnya bagaimana mereka bisa mengapa itu dari tetan masyarakatnya
1a38e2e4cb06406e8a53f46ca6c86741.mp3,Gua isi hape sing biasa yg utuseng touchscreen dan utuseng ono kameranya ya isi Ong biasa lah orang ono kameranya. Cuma ini lumayan soal iso gua ngurung oke lagu karo ngurung oke radio.
1b1f604407234a6289f084be06a9a9ae.mp3,Perjalanan hari kamu tidak mudah Dari awalnya yang cuma bisa 2 kilo Terus kemudian naik 3 kilo Bertahan selama beberapa bulan Sampai di tangan petudung Bahat aku bisa lari akhirnya lari 5 kilo 24 ke 25 Aku bisa lari 5 kilo dengan waktu yang cukup cepat Di bawah 48 menit
1be71f0932fb4d5c9650846c1ef6c41a.mp3,"Oh ya, yang tampil itu kami seangkatannya saya dan teman-teman seangkatanku yang pas itu kelas 12 soalnya sekalian sedih penampilan perpisahan gitu lah soalnya di kelas 12 kami terus udah keaktif matian rutin biasanya kelas 12, terus fokus buat ujian"
1c49695fbef347e0b2b6cd53c9f01136.mp3,"Biasanya bahajaran saya yang paling aneh lagi, ekonomi, karu matematika. Saya ingin pinter ekonomi, saya ingin di aneh, saya ingin pinter matematika, saya ingin di aneh. Aku termasuk saya yang diacari sih untuk saya yang diacari. Ha ha."
1c7c6088d5194b18ac19d5030e52e469.mp3,"Jadi biasanya itu yang tak lakuin, paling sering ya biasanya jalan-jalan di tempat yang dekat-dekat, makan-makan gitu. Dan yang pengen juga sering tak lakuin di masa depan, yaitu jalan-jalan dikeluarung kota, pergi-pergi ke tempat yang jauh. Itu bisa bikin aku jadi semangat, cari duit dan kerja, biar bisa jalan-jalan."
1cb3013406ae4b1eb546852676669c46.mp3,"Dan yang tampil di acara-acara sekolah juga gantian adek-gelas gitu. Cuma pas akhir semester 2 kelas 11 itu, tiba-tiba kami dapat tawaran buat tampil di suatu acara besar. Jadi itu event dari wart sekolah itu semacam pertemuan abel, pelajar-pelajar se-fovinsi, terus kami ditawari buat tampil."
1db6805649434cd5b5451bad478f5664.mp3,yang bener-bener ternah denger tuh umikku mergabliat kan emang suka nyuci malam-malam toh nah itu pun denger kayak terasa krusuknya waibus langsung lebumah
1e5ba85683014a3098f4dfcc52a4fcc7.mp3,"Mereka berlima ini ya cuma dilapas, lepas aja di rumah, gak ada ruangan atau kandang khusus Tapi ya karena udah pada steril, di steril gitu ya, jadi mereka cina orang kakit antulan Nah antulan-antulan yang paling mau nge-ngarap oma, gang-ngarap oma dan orang-orang itu"
1eab7054cf85481eadb87dbc088ab15b.mp3,"Yorotok kurang ajar, cuma kan Yoyotok yang selalu nyebaing uno muso-muso Melu, apa jenis ini? Karawisata Terus Melu, drama Dan kan Kita sebagai Orang-orang muda kan berkejolak ya ininya ya Berkejolak apa namanya Berkejolak jauh-jauh mutingnya Jadi ya Begitulah Kita mengekspresikan apa kelasan kita ke masyarakat SMA"
1eef9e4469b84a039afff60e6b271b43.mp3,"Terus, pas 2025 ke atas, aku bisa lagi membuat konsert hari itu, jadi pari milimatu seminggu 3 kali, 5 kilo, 5 kilo, 10 kilo, 5 kilo, 5 barung, 16 kilo. Jadi pernah, milik kuat lejarat tampung, kilometer berburan tui, kuih aku bisa menampung selama sejauh 100 kilometer dari 1 bulan tui."
1f34b103bbeb4c2aad47881eb8f0f1d5.mp3,karena mentah kan pasti bawanya agak amis ya namanya ikan mentah kan jadi aku pernah mencoba sekali kecil kali doang gitu kecil banget dan aku langsung nggak suka tubuhku pikiran itu nggak bisa mencipi itu karena bawanya sangat amis dan hampir muntah ketika makan itu jadi asli aku lepah langsung ke jota pangan nolah
2049f8667d8f4972a8f922d4197fbcdb.mp3,ini ya tapi kalau dari beberapa cerita mau soal orang-orang yang kecelakaan di sepanjang daerah situ tuh emang apa korban ya atau pelaku ya itu tuh pemabuk ya mau kasian tapi ya tapi salah hezo pemabuk juga kan macam settingnya kayak eliminasi ya gitu
20ee486b7de84a4d9d379e4e5b3d70c6.mp3,"iya apa ya, nanti sih kayaknya senang banget tidur deh bongkong yang ditawang turu, penyiaturu, resortnya turu melaipan kur setengah dari cisah harian untuk kanu untuk meletut gurung-gur kur mangantok, padang yukur leha-leha, jila di badanin, kerja di badan selain mandi lainnya kucingku ya"
21db2bfcce924b6fb95eecdba06d9d54.mp3,"itu dia kumin banget sih, seharusnya gak ngerti besi Indonesia nya apa ngeliat kamu yang dimana-mana dan kemana-mana terus kan jadi dari pada apa namanya? kamu sangat sibuk dan dia kayaknya pengen ngurus ini tak-tak-tak-tak gitu kan dia tuh respek banget sama dia buka tua paling mantap gak kata gue"
2289f904703947a5babb0fd172580555.mp3,"Terus dari segi pembelajaran, pas SMA itu jadi makin sering ya tukas-tukas atau PR gitu pakai, aku tuh pakai teknologi internet atau ngetik di laptop atau komputer gitu ya buat belajaran. Biasanya sih, paling sering ya tukas-tukas dengan sentasi kelompok, ngapal-papain, ngapal tukas, bikin SI, ngapal. Pas SMA ini aku jadi perlu atau sering banget pakai laptop untuk merasain tukas-tukas."
23088b77532e4ee9b2abbb050192a7ee.mp3,"Ternyata lomba, lomba karawitan di kotakku itu ya lumayan banyak. Biasanya ya setahun tuh bisa ada beberapa lomba, terus yang adain biasanya universitas, universitas gitu. Akhirnya dibantu sama kakak kelas kami daftar beberapa lomba. Akhirnya ya kayaknya setahun nggak banyak sih cuma ikut tiga po ya, tapi lumayan berkesan banget mengalaman itu."
23a40ea0a4354d088b520e34d146f044.mp3,"Tiga lomba itu akhirnya kayaknya kami gak ada yang menang sih. Ya, cuma ikut aja akhirnya lampil dan pentas. Cuma gak ada yang menang. Tapi yang gak apa-apa soalnya baru kerasa dan sadar gitu, bela sekolah-sekolah lain. Kerawitan, ekskola-rawitan di sekolah lain gitu ya. Bidah level. Bagus-bagus banget. Kemampuannya bisa, udah level bisa arrangement dan bebas banget penampilan ini."
240acb85a6ce4450961ca0ddbdec3643.mp3,"dia akan melahirkan, yuk, melahirkan terus ini dia anak naslam 2 tahun kui, kucing Sibuiki entah meni mati apa hilang jadi fungsi seperti terus kalau enggak mati, hilang-mati, hilang jadi per 2 tahun kami kayaknya selalu ganti kucing deh nah kucing entar ini udah hampir 2 tahun semoga juga tidak berganti kucing lagi karena adik udah sayang banget sama kucingnya sub indo by broth3rmax"
242a5447d44643628da8b06e8255627f.mp3,"Di situ lengkap tuh diceritain dari awal mulai bagaimana manusia purba di jawa jenisnya, spesiasnya apa, kemudian bagaimana bentuknya mereka juga mereplikasi beberapa stupa atau lilin-lilin patung lilin dari purba dan juga di sana ada patung gajah sangiran gajah purba itu merupakan suatu patung fosyen yang lengkap dan sangat-sangat bagus"
24df92838af643d49ba90e03c31b3239.mp3,"jadi pengalamanku waktu SD ini kayaknya agak sama-sama dihinggatanku tapi seingatku dulu, aku tuh waktu SD itu suka banget belajar sejarah bukan sombong gitu, emang itu aku juga pernah belajar sejarah dulu aku suka baca-baca di berpus, takaan dan aku nemu suatu artikel menarik dan itu tentang sejarah"
2548df0b77434072aa150a9a807eaf0f.mp3,"Nah saat itu kami cuma berempat, berempat doang dan dimasukkan ke dalam satu rombongan peyaknya dan bambak yang tuh dia malah bersebelas Jadi kayaknya malah sengaja di rumah, mas-mas menjaganya itu buat ngesengin kita, jadi kita berempat lah masuk ke dalam rumah hantu tersebut"
261c6a592db44a2d8b475acf6c21a9da.mp3,"Dari awal aku masuk tuh semua anggota nya perempuan. Jadi, gak tahu ya kenapa ini. Kayaknya emang senang-anang mungkin orang tertarik. Mungkin berkau isin anggota liannya untuk KB. Jadi rana saya melu dan kakak-kakak kelas juga cewek semua. Jadi, tapi ya enak sih karena anggota nya cewek-cewek jadi kami semua akrab banget dari awal masuk exku."
26a0bb18365e439198ec58661cf8dad2.mp3,"ada juga tentang ke plek samping rumah, itu tuh punya dia masih setulurku juga dan posisi kamar rumah kami tuh kan jajiran banget kan kamar beliau tuh posisinya sampingan pas sama ada satu kamar di rumahku yang seringku tempat itu itu juga vibesnya, ngikut tuh loh jadi kayaknya nggak enak wah gue enggak nyaman buat naik didru di situ kayaknya sekarang, udah cuma buat naruh parang aja"
26cb26255ac3489fb3189290b01a195d.mp3,"ini tuh loh, ada tetangga cara rumah beliau sama rumah aku tuh mungkin 3 atau 4 rumah gitu dan beliau tuh tinggal sendiri lagi-lagi yang aku gak tau, ternyata beliau itu punya pegangan sebenernya biasa ya pemenang naik wang wang samimpian tuh, kawanan ngonokailah"
26fce5e7efc14de7b3379f8f385a5660.mp3,"Jadi ya intinya aku murni ngelakuin ini cuma buat senang-senang aja, nggak ada nyataan cari keuntungan apa-apa dari sini, emang cuma buat hobi dan senang-senang. Terus ya harusnya sih itu nggak melanggar hak ciput atau apa ya menurutku."
2756170afb174755a38353e164c07397.mp3,"Ya jaman ikuh iseh roto-angelah ya komunikasi ne timbang saiki Nah terus ternyata ada satu pelajaran yang ngasih PR dan aku gak tau, jadi otomatis gak ngerasain juga kurang gara PR Terus ya pas pelajaran ini aku kaget dong na ono PR"
27ea863b88524b308477b25562d6d0b8.mp3,"Kalo buat pertama kali, mungkin sih pengen tak kunjungi ya kota Tokyo sama Kyoto ya dua kota ini yang paling terkenal buat wisatawan internasional terus ya lebih gampang aksesnya daripada kota-kota yang lain"
27ef2b7b30b349d58eecf04ec53bf949.mp3,"Kalau ditanya apa makanan favoritmu, sebenarnya aku bingung mau jawab apa-apa. Soalnya aku relatif doyan apapun. Jadi makan masakan Indonesia atau masakan luar negeri. Selama gak aneh-aneh bahannya, kukip, iso makan kabe. Dan gak ada favorit tertentu, saya tak makan tiap hari gitu. Jadi mesti beda-beda terus yang tak makan tiap hari."
29b0ceec2cef400a8ce21ca9b94ec341.mp3,sampai ternyata totalnya sekarang aku punya 10 video yang udah jadi tak bikin gitu ya gak nyangka cuma karena lebih iseng-iseng ternyata bisa sampai lumayan produktif
2a7708d4e36b4a3c924454428e32d0e3.mp3,"Akhirnya terus aku milih pergi ke kota yang ada temenku di sana gitu ya, tempat tinggal di temenku dan itu adalah kota Moca Kerto di Jawa Timur, terus sama di sana pun aku juga nginepnya di rumah temenku ini."
2abec9cc7a094912a2f0f8cea5ac0747.mp3,"Raku untuk, kan, menyiap asal Sema, Kik, punya Guru, Guru Igala, penget, terus, dikneki, sering-sering protes, kenapa kok harus ikut kegiatan A, harus ikut istriku lega-lebi, harus ikut istriku lega-lebi, nah, joketoh, teman-teman kukipodoh, kiasenang, karodoh ii,"
2c35dc200e004301a0d07cd516f801d6.mp3,dan ini kata umik umik tuh ngaran ini dia ini pintar tapi kata aku sih kata wong wong kaya gitu tuh udah bikin sepak kataan dulu gak sih sebelumnya kaya disendasnya gitu terus kalau dari cerita umik tuh pernah ada emang tapi wang yaki ya posisinya tuh kayak di luar desa gitu loh jadi gak ada di dalam desa
2cbd15ad1ac0488bbaa5fa064e654d25.mp3,"Oh iya, penggunaan teknologi seperti HP atau pun tetep kayaknya sekarang udah mulai masif deh untuk res pembelejaran Nah, ngomong-ngomong tentang HP, aku mungkin punya HP pertama kali Saat waktu aku pas SMP kalau enggak salah Dulu kan lagi bumi-buminya ya, kayak Blackberry dan spaget-spagetnya Dan masuklah HP-HP dari Tiong Kok"
2cd4dd24541c48f48f8f27164e8e0c03.mp3,terus mencoba lagi astaghfirullah manata diambil alhamdulillah udah menikel iya sih tau maksudnya tau posisi baiknya ya gak baik ya maksudnya itu dimana ya kan soalnya memang hal yang kayak gitu memang mungkin semenyaramkan itu sih ya jadi patut di suguri
2dc03d473d1d44deb3e6c80ab6a11399.mp3,"gak memancing dan mungkin, iya, apa jenis rada memprotest kebijakannya beliau nah, bar kui, pas paktunik ini untuk, apa namanya, untuk kelima ding, gaulah yang hal-hal yang protest, terus kemudian slogan-slogan"
2de1a8cac5cb41908d1e28cfae890d03.mp3,"Menurut secara daerah terwulan ini, dulu adalah ibu kotak kerajaan maja baik, kerajaan zaman BN. Dan emang sampai sekarang masih bisa di runot, peninggalan-peninggalannya."
2e7ace21b93b43e4a137c95179031ae0.mp3,"yang kemudian dia dikaya ciruk nipis, dikasih partung kelapa dan juga beberapa-berber banyak kondimen lainnya dan langsung dimakan cara mentah-mentah, mentah-mentah ya nah, gue ini gak bisa makan mentah mungkin karena dari kecil udah dibelsain kalau masa itu harus dimakan tuh harus dimasak kemudian tiramut atau tukum dikoreng jadi gak bisa makan mentah secara langsung"
2f9df070eb82452fbb71460416f40557.mp3,"Nah kalau pasti musiumnya itu ramai banget, jadi udah ada siang dan banyak mengunjung, ada rompongan sekolah, kita rompongan secolah, ada juga rompongan turis asing juga yang datang dan lihat-lihat, apa namanya isi musium yang disana gitu. Terus kami juga malah jadi dengerin penjelasannya dari guide-nya untuk orang asing itu."
2fa3f18f11a547daa8e70fa40864348e.mp3,"Semua kompleksnya ada di dekat rumahnya temanku, jadi penjara paling cuma 1-2 kilo, nggak terlalu jauh kalau naik motor. Menurut sejarahnya ada keterangan petanya, kaya selanbian emang dingo tempat-tempat, mungkin kantor beberapa tempat administrasi di kerajaan masyarakat BN."
30d30ce046f045729c0b90b467f24a37.mp3,"Terus ya pastinya juga pengen jalan-jalan ke Pantai atau pulau-pulau kecil gitu di bagian Indonesia lain yang lebih jauh. Mungkin yang dekat di Jawa ada bahwaian, pulau-pulau bahwaian di dekat Jawa Timorea terus sama ke Bali juga, Poh Lomba atau terus daerah Indonesia Timorea selawasi sampai Papua."
329f8196ea734e0cadde9f677931645c.mp3,oh oh ya emang guru kita tuh gak ada yang kehabisan cara untuk ngecer tapi ya masuk akal coba liat dari hasil belajar kita gak ada yang jumblang tuh mesti gak ada yang dibawah KKM banget gitu loh jarang malah mesti kalau KKM ya mapet gitu tapi beneran nilai kita tuh mesti kalau dilihat kera-kera semua unik sih kata kok bisa masukin anak-anak kayak gitu ke dalam satu kelas tuh agak waju ke
32fbd039dbb24d10bdd998605661a00d.mp3,"Nah, terakhir aku liburan sama keluarga keluar kota itu tuh tahun lalu ya, pas betulan ada acara nikahan sodera di kota Onosobo. Jadi pertama, kami pergi ke sana buat acara itu, bantu-bantu bersiapan acara, terus sebagai tamu menghadiri acara nikahan itu."
33b92185ae2449c4ba18b9b6317cd0bb.mp3,"Terus pas kelas Wollas, aku ke-kan meluiki ya, jadi seksi olahraga, jadi aku mengandalkan raksimiting Selain kuwi, pas kelas belakang juga aku aktif-aktifkan olahraga, meluika basket"
340ba9ed946d44348f5074d6fccd11e3.mp3,"HBD Tiongkok atau Bicina itu diproduksi dengan sangat murah sekitar Rp 500.000 atau Rp 600.000 dengan fitur yang sangat besar sekali Kaliah itu cuma bisa buat SMS-an SMS-an doang sama base voidifutur basic, kakulator, decking notes dan sebagainya"
34e9f0fdaf02437e9fc416cc46645479.mp3,nah teman-teman SMPU yang cukup warai ini bahkan aku dan teman-teman juga pernah melakukan sesuatu perjalanan jadi ketika dulu kita waktu masih SMP kita sudah mencoba untuk berkeliling ke luar kota kayak solo dan juga cupja untuk anak seumurun 14 sampai 15 tahun itu hal yang sangat yang cukup baru baik kita
35a58f20fca5403b9cc8b26b4436a914.mp3,"dan tinggi ku mentok, cuma di sma doang, jadi sekarang cuma 175 doang tinggi ku jadi aku gak merasakan hal yang berbeda antara tinggi badan di sma dan juga di saat ini"
35def8b67a6245d49eb14f2a94dddaaa.mp3,tapi kalau dibikir-pikir lagi kayaknya emang guruk-guruk gak kehabisan cara deh kalau ngajar kelas kita tuh karena kita sekalas tuh literali belajarnya emang beneran bisa lewat apa aja
3727039a1f074ce682f8ec01e6ef7e4f.mp3,"Jadi 5 kacing ini beda-beda asalnya ada yang datang sendiri, gak tahu dari mana, gitulah tiba-tiba, ya ada di teras atau ada di halaman, gitu. Terus ada juga yang lahirnya disini, soalnya induknya yang dulu kayak gitu datang tiba-tiba. Tapi terus sekarang induknya udah mati, huhuh."
37c4683c3dc34140acd6ddcb8cba57a4.mp3,"Terus di Kas 3 atau Kas 9, aku juga sampai ikut bimbal untuk belajar IPA, biar lebih paham bisa ngelecahkan ujian nasionalnya nanti. Ya, pokoknya aku tidak suka bacaannya, tapi ya, demi masa depan."
38704a38f76d4cfda0e11068033a3242.mp3,"Terus kalau habis ngerjain tugas atau kerjaan yang banyak gitu ya, atau dulu naik sekolah, habis belajar yang lama habis ujian gitu, biasanya aku suka terus jalan-jalan, me time gitu ya istilah hei, jalan-jalan atau makan di luar sendiri."
392c557742b246b486eee290ed70d989.mp3,"Meskipun tidak terlalu atletis atau tidak lebih gara, tapi aku bisa ini memanage beberapa agenda-genda keolahragaan di sekolah, termasuk kelas meeting, kemudian mengenai beberapa ekstra-kolikuler yang tentang keolahragaan, jauh terus ngadak kek kaya kesehatan-kesehatan seperti dunia darah, tersocialitasi tentang alkober, dan sebagainya."
3998dcbc09e3455bbf98b1c59584fe77.mp3,"Kamu inget nggak dulu waktu SMA, aku nggak pernah ngerjain PR Terus kamu selalu ingetin aku malam herinya pas besok ada PR Soalnya kalau nggak gitu, mesti aku lalui Terus pada akhirnya aku nggak ngerjain PR-PR itu kecuali PR matematika Ya nggak sih, masih inget nggak?"
3a91471658e342c2941f2dbd6160b78b.mp3,"Dan pas itu malam-malam kan makan, aku lagi pingin yang berkuah gitu, jadi aku pesan soto dan untungnya ada stoknya, terus aku makan dan itu enak banget terasa nih, enak tenang, guri, seger, rempahnya juga pas, terus por sini juga pas, tenderung, akeh, malah, pakai ayam kampung juga dan harganya juga murah banget."
3b92d7e231894c5abd51d482c7bbb7ed.mp3,"Oke, untuk olahraga ya, aku ini demo cerita. Sekarang itu beberapa waktu terakhir sih. Aku suka, bukan suka sih, kayak menyatkan untuk oper olahraga. Nah, salah satu olahraga yang aku pilih adalah olahraga lari atau joging. Nah, sebenernya lagi, aku joging gue adalah perjalanan. Jadi aku mulai joging di 2023 awal, 2003 akhir mungkin sampai sekarang."
3c587e06a97346289bca3ba3fce4d9f0.mp3,"Saat sini pas SD, ya Always Ended sih pelajaran komputer, tapi emang belum sampai saya di pelajaran yang rutin gitu dan gak dikasih kayak PR juga. Jadi mau ngenal ke deser-deser itu dan ngenal ke cara ngetake dan cara ngangguk komputer secara umum."
3c746fbafaf342da8443c0f6f28841af.mp3,"Oke, sekarang cerita pengalaman ku waktu SMA. Di SMA tuh aku lebih sering belajar bareng teman padahal pas SD sama SMA dulu aku ga suka belajar bareng tuh, biasanya lebih suka sendiri kan, lebih enak sendiri aja. Terus, ya pokok men belajar mandiri tuh selama SD SMP lebih enak, kecuali kalau ada tugas kelompok."
3d7f25fd76ce42d7a30f6853c2eb148e.mp3,agak konyol tapi ya itulah manusia ya kadang standar atau idealnya hidup mereka tuh bisa serendem itu
3df1bf380b5748388a203d52d7cd3023.mp3,"Guru kan namanya itu ya ada namanya ya terus dia tuh kita tuh menganuhkan menjelaskan namanya Salamanya Ali Akbar, Anya Apa, Lnya Apa, Anya Apa, Akanya Apa, Vnya Apa, Anya Apa, Rnya Apa Nah itu di dilantrakan dengan tulisan-tulisan yang agak-agak memancing dan mungkin"
3f82ffdfa37b4a9d96ba3b4fa49152f6.mp3,kamu dulu ikut berapa sih? satu doang ya jurnal tapi bagus tau malah bisa fokus kaya aku tuh sempet randulilah bisa bagikan tapi ki mesti enokan beli kaya loh perpecahan antara organisasi gak maksudnya kaya gelib sedikit lah kaya gitu aw lah dari organisasi ya
3fc1b82ff2e64625af2a92801b63cc8f.mp3,"jadi, pertama kali itu orang-orang yang kupilin adalah orang-orang yang ini sih yang aku happy, kayak jalan, kemudian main basket yang cuma lempar-lembar saja tripling, karena dulu aku ketua sama kan suka basket ya terus aku nyoba nih lari di pertangan 2023 kayaknya nah, cuma waktu itu aku sangat-sangat payah jadi aku cuma bisa lari selama 1 kilo 2 kilo, itu pun waktu yang lama, 2 get untuk 20 menit atau 25 menit"
4208a73080224f2aaca09d2c2864033b.mp3,"Oke, aku mau cerita pengalaman ku, pertama kali nyobain olahraga padel namanya o-pedal gak tau pasannya yang bener apa, tapi itulah o-man itu olahraga yang mirip tennis ya, mirip gak tennis dan supaya pakai bola tennis juga, tapi raket yang dipakai itu lebih kecil terus lapangannya juga lebih kecil, gak seluas tennis"
4209fa231aa44b1d8f7c1e67fda5e49c.mp3,"terus, jadi kan jarak entara SMP dengan rumahnya mereka jauh-jauh ya ada yang 70 kilo ada yang 20 kilo, pengantin 30 kilo jadi kami tuh biasanya ketemu atau ngobrol-ngobrolnya itu sewaktu pulang sekolah jadi sembari mereka menunggu bes datang, menjamput nah, kami yang merumahnya deket itu juga menangani mereka dan jahat keren jajan bareng terus ngobrol bareng dan sebagainya"
431838e6843045729d1120ff5cb0ca40.mp3,"Terus ya pokoknya selain itu juga masih banyak banget tempat di Indonesia luas banget ya yang pengen tak ponjungi dan kayaknya seumur hidup pun juga nggak bisa, nggak cukup lah yang buat menjelajahi semuanya."
43ade9755d054033acf49c176ea30aae.mp3,"Soto blura itu soto yang soto bending padung umumnya Tapi dia pake yang namanya klotuk, apa itu klotuk kalau kita telah sebuah Condiment, dia agak ras, makanya kalau dimakan sebuah ranya klot-klot gitu Terbuat dari zincong, ubi, dan juga kentang dicampur Selain itu, di jukjah juga ada soto, me soto jukjah Dia juga typical soto bending, tapi enak, kadurnya kental enak banget"
43ef0e4a10cf4a9782b62ec3f02264b8.mp3,"Jok bar kui, kancakan caku gawai semacam mading kelas kan pas aku jaman sekolah 11 SMA, ada giliran pembuatan mading kelas nah jok kancakan caku, gawai mading, singisnya tulisan mengenai keritikan mengenai guru kui, bla bla bla dan bla bla bla"
443bff7089924ccfac8f6809719331b6.mp3,"Slogan-logan, baru kewinjo Pah, apa jendengnya lagi? Slogan-logan, terus kaya Kerasan-kerasan, tak kena tuksek wabeh namah dingkui Termasuk, kak mau ikut damban Termasuk kenapa dipaksa kudu milok Ossis, kenapa kudu Malok kurban, kenapa kudu milok, apa-apa Ketika, tapi ini kawanok"
458f620ada83411f87a314634bfafa78.mp3,kalau inget jalan di situ tuh aku kipernah niteni gitu kan sama ibu ugu setiap kali ada kecelakaan depan warungnya itu sampe kayak 100 meter di depan itu ada bahan asam itu tuh mesti yang jatuh atau kecelakaan di situ tuh mesti meninggal
45b9fcafcd7b4b399d8157c94e824030.mp3,Hanya aku juga pernah jengertuloh Bahkan kalau turunannya Nggak mau diturunin Avin Kayak nggak mau dikasih gawan juga tuh Tetap aja bakal Ikut semisal jenya yang udah Jenya tuh udah Laya apa sih udah Patuh bukan patuh ya Udah loyal banget sama Tuannya si yang punya itu ya Tetap aja bakal diikutin
45c375fe512242a5aaf26f6f83e7f9d6.mp3,"Terus kami juga nambah anggota dadakan buat jadi penyanyi, jadi sinden gitu ya soalnya Agul yang kami tampilin itu ada liriknya, ada nyanyiannya Nah di antara anggota yang ada, karena masih belum di penyanyi Jadi ya aku tuh cari relawan, terus ya untung ada temen sekelasku yang mau"
46e8da8f13ab46bd8e45236b00ab4bb6.mp3,"jadi kancakanca kukis sing sya akrab tekan seri yukoncokoncok sempek kui koncokoncok semp, terus semp anek juga bareng bahkan beberapa kulit juga orang sing bareng, orang sing ke luar kota cuman, meskipun kulitnya beda-beda orang sing suraboyo, orang sing semarang ada sing sing solo, aku lihat duluan jauh duluan gue nih cuon cuon kui, dan mereka sangat welkom sampai saat kemalahan ketika mereka sudah punya kuwara kecil"
483cd2cf69d14a1580512c42991ac938.mp3,kayak gitu tuh jadi mikir tuh loh aku kaya aku pernah denger kan ada orang yang kaya beda banget gitu bangga banget punya gawan turunan gitu baik kok tapi jenya ke aku gitu kaya karena ini tetap masuknya shirik ya
489124e3deeb4243a51c51abb0ff2943.mp3,"dan ketika juara 3 kui atau 2 kui aku itu bisa di masukkan telah tubuhin untuk mendaftar, ini mendaftar sekolah yang dulu, karena kan ngelewain juga pengaruh tapi kan kalau ada certificate membat, dia bakal sangat-sangat membantu nah, humble nya juga terbantu, all inilah itu untuk masuk ke SMP Favorit"
489cf380ca4a4f3b94b902d00eae8592.mp3,"selain hobi lari, aku juga punya hobi ikis membaca buku, cuma ya agak-agak yg baik abu membaca lagi lagi bangkit kan setelah lama abu membaca buku nah baca angkuri kadang-kadang abu membaca buku, ya kadang-kadang sukar di buci sama orang lah di apresiasi, oh iya bagus bacaan ini kamu sekarang suka membaca ya bagus-bagus itu"
495ac2b436544e668d3075e96144d617.mp3,"Untuk sarapan lagi enak banget. Jadi porsinya pas gak kecil, gak gede, gak kakin, gak kesedikan, dan dicambur dengan teh tawar, uuuhh. It's delicious. Dan aku kan selama merantau, ini kan jarang ada orang warung soto ya, jadi kadang aku juga masak soto virus aku sendiri. Cuma yang tidak saya enak warung soto di padahal umumnya, di Jogjabung Dekaten yang memang dia tempat lahirnya soto."
499b208ee8b1497fa3b69c5ff6871d6d.mp3,"Nah, makanya aku coba-coba pakai software yang ada di laptop, terus kok ternyata hasilnya oke, hasilnya lumayan, menurutku. Terus dah langsung tak coba gitu upload videonya di sosmed."
4a1ad783cf2f4b7ba283a726e2b439ad.mp3,"Pada saat itu beratku mencapai 100 kg lebih 102, 103 mungkin Nah aku merasa ini kaya aku kaya gak kuat meneh tinggal munggah tangga kok rasanya apa tinggal melakuat Nah soal kuih aku menyedikkan diri untuk aku harus aku soal haraga aku harus mengurangi berat dan beda-beda kau gak nge-report ke kancakan jago pas kerjolah pangan"
4b7c613e8edf43dd8b00467f18358d18.mp3,"Oh iya, ngomongin soal HP, kan dulu waktu tahun-tun segitu kan HP di dominasi oleh Samsung ya, sama Nokia, Mugen, atau sama Blackberry, cuma tahun segitu udah modul juga satu brand dari China yang menggobrak pasar dulu, sangat murah harganya terus, kuatnya sebanding"
4d3be4e0b5994547ad1bf84c33a4a2e4.mp3,"Faktor kedua adalah mungkin memang ini sih. Aku ingin lihat bagaimana First World Country itu bekerja, bagaimana budaya mereka, bagaimana cara mereka bersocialisasi, bagaimana mereka hidup. Nah, sebagai orang yang tidak pernah keluar dari negara Indonesia, dan misalnya itu merupakan sebuah satu atau negara yang mungkin negara dunia ketiga atau kedua."
4d52bcb1e2484e9e80f45ac370c0660f.mp3,"Cuma pas di candi ya, tempat terakhir itu, tiba-tiba agak cerah lagi cuacanya, jadi kami bisa agak lama di sana, terus sambil makan siang juga di area candi itu."
4daaf51a05e64a90be0100648cf19930.mp3,"Waktu dia berubah hujud itu, biasanya dia tuh bakal ngeluarin suara tag crawling gitu loh Dan itu kedengaran sama tetangga-tetangga sekitarnya, pasti itu jadi sign gitu loh Walaupun gak berbahaya buat orang-orang situ, tapi kan kita tetap aja ya"
4f35ecdb6a9f4967ac28c48a49fde61c.mp3,"Mereka seringnya manut sih, lumayan manutan. Cuma makan, koler-koler, ganyanya. Tapi ya kadang pernah juga, gak ada apa-apa gitu, tiba-tiba gelut, oya-oyaan, nabrak-nabrak. Padahal ya udah pada lama, serumah, tapi gak tau lah kenapa bisa gelut-gelut kayak gitu. Mungkin ya kucing iso pet-mutnun ya."
512f60dc7bfc48718bfb78884435deb1.mp3,"Jadi lariku igoriso mungkin seminggu 2 kali, 3 kali sebagus banget. Belangi masing-masing 5 kilo. Jadi mungkin seminggu cuma 10 kilo. Terus sekali 4-40 kilo meter per bulan. Sangat beda jodoh dari badian tahun kemarin aku bisa sampai 100 kilometer per minggu. Berhati-hati per bulan. Dan aku sedang berusaha sih untuk pengintensifkan lagi dan mengkohsistenkan lagi olahraga lariku ini."
5136f573ca2a4d86aee746cfffb3ff87.mp3,"padahal kuiki kampung, proses-proses unukui, tapi omahnya itu sedikit doang menukai turns out emang kayak yang kamu bilang tadi, lempar-lemparan itu kan jadi kayak mau gak mau, ya punya, ya bukan mau gak mau sih orang namanya energy itu kan menular ya ya yang emosi, ya yang pengen bales dendam, kayak pastikan tergiur untuk mau punya juga, kayak gitu kan juga ngasih benefit kan"
5149ed62a5874fb6a2e03e2b9b2ea726.mp3,aku jujur ga tau pastinya mau nge-updasing isu cerita wujudeki berarti hona senjataon emonin ga sih? cari lagi bentuk aneh menyerupai singapoharimawono
518d2d5964e14287bf18b1697bec4587.mp3,"Nah, nanti juga akhirnya kami beritanda supaya tidak dianggap pucing leara."
51f1e0ceb3dd41bab2d351009f0b0d98.mp3,"pas wanya, sepatu mau asli semua rusa kuera bakal gilem nganggu sepatu speks atau speed mau kui karena harganya sepatu kui nggak senyaman sepatu yang mahal dan kita pasti akan dipaksa untuk konsumsi untuk upgrade sepatu, upgrade jam, upgrade baju jadi itu menjadikan hobi-hobi ini awalnya memang sangat-sangat murah dan bisa dilakukan oleh semua orang"
52bef249eced403e923c0b6d052a61cd.mp3,"lewat solo, kelakuan, prodisi, nah tapi pas balik ke warga kubatak utu utama terlihat lewat ada pekunungan, jadi kena balik lewat makgelang terus menggok ketep, ketep terus kemudian dikali kunung berbabu, kunung berapi terus lanjut sampai ke Boyolali, Boyolali, Medun, Solomone, Solodun, Solodun, kembali ke deras seperti biasannya"
52ec063c3c914b6ca6f92d5242cdbcad.mp3,"Ternyata ada namanya itu gear, kemudian ada sepatu, ada smartwatch, ada baju yang proper dan sebagian yang dengarkah itu enggak, enggak cukup murah untuk dijangkau para orang-orang padu umumnya, kan ya, misalnya sepatu nih. Jadi kan bervariasi, soko orang-orang yang terlalu seunan sampai harga 3 jutaan. Nah, jilakan nih ketika KDPEK nyobo upgrade tanu, upgrade gear."
537deb15cf664b6fa1371609e4647989.mp3,"Cuma suara sana yang agak-agak menegangkan, apalagi hantunya juga resi-resi, dia memainkan psikologis kita, pinter dia mainkan soal kita, jadi bener-bener pengalaman yang sangat menyenang. Eh, nggak menyenangkan juga sih, menakutkan cuma bikin kami excited gitu. Halo, kamu ada nggak pengalaman yang mungkin diingat waktu liburan sama teman, dah kemana itu?"
53f46100ddfd4e14acc28c5225e0eaa5.mp3,malah menurutku juga aku jadi agak bantuin promosi film atau drama itu soalnya kan tak upload naik sosial media nah terus mungkin no no uang-uang sih nonton atau tertarik nonton film itu gara-gara nonton editan buatanku
543965bb6f7c434d8ac1baf41831f6d4.mp3,"Nah, kami itu kita berangkat dari rumah saya ke Solo menggunakan besumum yang mana pada saat itu sebuah tuhal yang janggal bagi SISWA-SISWA SMP, SINGI-CICILI, mungkin kelas 2 atau kelas 3 pulali ukup wani-wani ini devian barang-barang menyangsol"
551b5cb9074243bdaed642cd2755a944.mp3,"Nek misalnya di ngeluar daerah, aku biasa nih orang muncul sih nih opo anggel ngeluh lah Dan nek orang teti luih larang biaya ngeluh pun buat SMS"
55882f13779846908c611019528e52cb.mp3,"Oke, jadi nek, kerjaan, oh ngerasain tugas gitu ya belajar, aku lagi bosen dan sampai gitu biasanya aku ngelakuin berapa hal biar nggak terlalu suntuk dan bisa semangat lagi."
5626d83f929e410ea4cd909dd15147f2.mp3,"Oke, terus habis makan itu, selesai ya kami lanjut pulang ke rumahnya. Nah, jadinya ternyata lumayan jauh dari stasiun, jadi ya lumayan perselanannya sekitar setengah jam kayak nih. Menumpak motor ku, dan parulah sampai di rumahnya itu udah luhur gitu ya, jadinya."
567ddbfdde5d4e3d85dce1d48d2581b9.mp3,"Nah, tapi pertama aku biasa banget, cuma fungsi utamanya yang gue SMS karunilponwai Oen fitur, tambahannya biasa, eh kita emek Onul satu game permainan snake, ulo sempukung-punggai Gak boleh pangan, gue yang mau tahu utamanya gue SMS karunilponwai"
569bbba53a544d6b8f0c0ec21c1ea46f.mp3,"maksudnya PRnya kayak jadi tepat sasaran gitu kita nya kan beneran jadi pleasure lagi, recalling materi, gitulah"
569de3f954794100bf61c903a2c6d5a8.mp3,"ini menjadi tradementnya kota makasar bagaimana odintiknya makasar ya coto harganya pun murah, antara 10 ribu sampai dengan 15 ribu sehingga ini menjadi makanan yang murah, enak menyenangkan kanggu maizwa maizwa sing merantau di makasar"
56a60ce887704285b19ea0e4cfce56cb.mp3,"tapi nek puter balik di situ tuh cukup enak ya maksudnya enak seko lorgi ketok i lo, lampu merahe, kaya hiju, kapan, apaan, kapan jadi kaya kelihatan seder sepinya tuh kapan jauh kan aku tuh dulu juga dipeseni nek misalnya kak wanib puter balik nek kono, bebes kaya ya tekan perapatan kan lebih safety tuh malahan gitu"
59b116771b8d4755a711f84d2bf33278.mp3,"Ui, aku juga pernah ada satu soto yang aku pengen banget Cuman durung keturut sama saya lagi Yobi jenis soto garing Apa soto garing? Soto tanpa kuah, nah lu biar biar Soto kok ga anggap kuah? Jadi, satu garing di soto Terus nasi, dicampur isian soto Kayak mee, kubis, mirin, terus uya Diodes dimakan aja, ga pakai kuah"
5a603fd5383d46ca8b05e09543eada74.mp3,"Oke, pengalaman ikut ekstra-kulikuler waktu sekolah dulu. Pas SMA, aku itu ikut ekstra-kulikuler karawitan atau banyak disebut, jadi exkol gamelan gitu ya. Gamelan tuh ya, lat musik tradisional sewa atau mungkin kayak orkestra gitu ya. Jadi ada beberapa jenis lat musik dan dimainin bareng-bareng beberapa orang."
5a802bbf56164e30a0fec4e4bf333380.mp3,"Kita meluati beberapa ruang, ruang satu, ruang dua, ruang tiga. Dengan beberapa ada yang punega, ada yang orang asli. Dan kami pun sempet nyasar ke ruang yang salah. Terus kami bertanya kepada hantunya, kan hantunya dia juga manusia ya. Mas, mas, tulong-tulong nyasar, lewat di, lewat di. Konong, konong, gitul, gitul, gitul, hantunya belak gitu."
5b502829295c425c97a3e6db5b54cfcf.mp3,"di Fasten SMP Iki, aku juga ketemu kancakan cako sehingga bahkan sampai saat ini aku bisa kebungan baik setelah beberapa tahun nunggu"
5bd8f3e4603244c5970cb1817de27aa2.mp3,"Kami masak banyak-banyak gitu porsinya, harus banyak yang ditambahi, tapi nggak, ya kita mengukurnya ramas banget. Cuma ternyata hasilnya tuh bisa enak banget dan pas gitu porsinya, semuanya yang ngicipi sekalas pada suka, terus kami juga makan bareng-bareng gitu di kelas habis sepanji gede semua yang di masa itu. Pengalaman yang berkesan banget makan soto dan juga masak bareng-bareng."
5cd8b9ba15c6491598941d31a0d8ae4a.mp3,"Oh, kayaknya aku tahu deh, kamu kecelakaannya pas kapan? Kenapa ya bapak Mu di ceritain gitu? Kenapa dia mengagu, ini boh, gak enak karena-kara kamu juga jadi korban"
5d735a88d6604acfa892fae52220e2a2.mp3,"Mereka berapa? Kadangkali ini orang-orang yang berapa? Rasa apa harusnya upload? Jadi ini Kini orang-orang Matuk keringat, senang, dan ini hebi kan ya Dan bisa melakukan aktivitas- aktivitas produktif lainnya Kalau kamu, kalau boleh tahu kamu ada yang tidak kesukaan orang-orang yang tidak Dalam waktu dekat ini atau akhir-akhir ini"
5e0c7278575e420e84fa56ca053aa505.mp3,aku juga pengen membuat sebuah dokumentasi yang bagus jadi aku kenang pake pesaku tua jadi itu bagus gambar ya oh bagus video ini soalnya gampang ya gambar Indonesia lagi rata rata ya walaupun sebagus apa kameramu tapi kalo like nginya lagi di Indonesia itu kita bye
5e6f24f671f64ef98fdcf21ca952b88c.mp3,"Terus tau yang aneh banget itu, pelak waktu kita masuk sekolah Masa karena ada pengumuman, nama aku tuh ada di daftar penerimaan calon anggota tonti Demi itu aneh banget, karena aku cili ya Kalau baris pun pasti dipenjuru kecil kan, masa ada namaku Terus yaudah, terus abis itu aku bilang ke mbak-mbak Kalau aku lupa pengurus apa bukan ya aku bilang, mbak aku nggak ikut ya Oh iya, oke, di daftar penerimaan calon anggota"
5e8c222e579845b3a082ecd803a91f32.mp3,"jujur ini tuh keunikan yang bertentangan dengan keimanan ruju banget, ruju lagi ya ruju tapi janggal kayak ternyata mau ganti masa pun tetap aja ini tuh masih relevan masih banyak orang yang maka dan bangga"
5ecb99311ba04f50a80590cf36e4d378.mp3,"yang pertama, ini adalah masa kecil ko yang dulu itu sangat berhubungan atau berdekatan dengan budaya jepang sebagai contohnya, dia ciliki, gini kan seneng banget yuk nonton anime-anime, seneng TV, Koyon Naruto, One Piece, Adaptive Conan, anime-anime Lianis yang di TV itu remon, cincan dan sebagainya"
61f89c1cb5ee4c0f8416d5e9b4482c8d.mp3,"Jadi di SMI, selain belajar akademik, aku juga ikut beberapa organisasi, ekstra-punikular juga, dari situ bisa kenalan sama teman-teman dari kelas lain. Jadi banyak belajar sama teman dari kelas lain juga."
623de1b1c6e84cd9bdcc2e74b03c350e.mp3,"jadi ingin disekit anak juga iya, jatingan-jatingan ale yang pakai huru besar, huru kecil, kemudian beberapa huruplikan di angka terus, iya itu jatingan sama teman, sama kebetan mungkin dulu atau semp pokoknya serulah habi-habi waktu itu, dia pakai masyil SMS, masin nunggu, oh saya berkaitan nih, oh saya nggak ada berkaitan di sana ini milik kartu yang bagus dan sebagainya"
629d8043bb6d4503bfd48b4a8c3a1761.mp3,"Terus yang ketiga mengenai geografi kan sangat cepat kenal kaya yang twitter bapasannya sipangki berada di sumbu yang sangat bagus jadi mataranya pas, kemudian nggak panas, nggak dingin juga dan matari yang condong ke arah kiri atau kanan itu dia membantu suatu ini ya apa namanya? suatu angle yang bisa kaya masuk bagus sekali"
62eada24de7e44a0839963d2f9b45dfe.mp3,"Oke, aku mau cerita pengalamanku, liburan, bareng keluarga. Oke, sebenernya keluarga aku tuh jarang banget liburan ke tempat wisata gitu ya. Mungkin pas aku kecil sih, ada lumayan beberapa kali dalam setahun gitu, pergi ke kebun pinatang ya apa, tempat permainan-permainan gitu."
63037a170bed408d82594247ff64082b.mp3,"Nah ternyata nggak banyak yang suka sama video buatanku, banyak yang nge-like gitu, ngasih like Terus komentar katanya juga bagus-bagus gitu deh Nah aku kan udah di senang banget ya, omong-omong aja komentar Teman-teman di Sosmet itu, terus keturusan deh bikin-bikin lagi"
635a538510ce43a7b12d2cffabc551d7.mp3,"misalnya update sepatu, upgrade smartwatch, upgrade jam, upgrade baju lagi ini bakal ngerosok aneh, bener, ngangguk versi sing, sangisahre contoh hei ki, contoh hei, ketika kamu awal hari pake sepatu lokal misal speeds, kemudian kamu naikkan level-nya menjadi sepatu yang proper yang mahal, misalnya A6"
6629189a12714165b28a37ada8972b65.mp3,"Nah, tapi pas SMP kan aku rung duit laptop di WIA, sekalah biasanya juga rung beberapa singwish duit. Jadi biasanya kalau ada tugas presentasi kelompok gitu, bakal dibagi kelompoknya berdasarkan sing duit laptop ngono, pen, adil, dan rata gitu ya."
67175c828ad44c73aee87b3b4dbc12e4.mp3,kalau kaya gitu kan harus ngejelasin tau aku nah karena alasan itu aku jadi ngerasa kerja impir tuh kayaknya salah satu cara aku biar belajar jadi gak ngebosenin deh kayaknya aku senang belajar dengan banyak banyak ngerja impir
6780f36a463848e0835ffe2dac9ddcea.mp3,"Yang berangkat bareng gitu ya, sekuarga dari rumah ke Monosopo, jaraknya tak terlalu jauh ya dari rumahku ke Monosopo itu, kami naik travel, travel mobil. Nah itu kayaknya sekitar 3 jam berselanan lah naik mobil itu."
688e49e50c96411d95d4bbf3a6fea92c.mp3,"Oke, terus ya kami jalan-jalan, pagi harinya itu jalan-jalan ke tiga sandi, terus ke satu musium juga, kayak musium utama gitu di daerah terowulan itu. Pas di sandi itu sepi sih, nggak terlalu banyak pengunjung, mungkin karena masih pagi juga."
6a922c621208495b989d18427be20278.mp3,Nah nepas jokin atau jalan-jalan di taman gitu ya aku sering nama kucing atau ketemu kucing banyak kucing di sana Terus jadi ya suka tak foto-foto soalnya kaya ingat sama kucing perlihatanku Nah kamu pernah perlihat ada hewan apa?
6adf01d8685c492cac9fb8b7c49d80c1.mp3,aku dan aku berencana untuk ikut half marathon pada tahun ini
6b6572a2b2474beaaf9a11b1cf50f6fd.mp3,"ada, aku kan ikut tempat promuka, PMR, padu sama jurnal kan tapi waktu kelas 2 kan aku dikeluarin sama ketua mu, ketua jurnal tuh dia datangin kelas kita langsung terus bilang heal kamu gak usah jurnal dulu gimana? kan kamu udah ikut banyak, terus gitu yaudah karena aku mikirnya kayak oke deh, makasih yaudah kan si Dorit kayak gitu yaus, terus aku matu"
6c881b6c1c844244807872d9b2e46f77.mp3,TOR itu membuat aku jadi lebih bahan dan lebih ingat gitu lho Kecuali matematik sih Nek mata pelajaran yang satu itu tuh Tetep aja aku sering lupa Memperasa sentang pas bisa ngerjain way Makanya aku Senang bertanya KAKAMU
6d119f5087e94dc99d428ca99f16ad94.mp3,betul banget ya diri calling materikan nah enaknya itu kan rujainya di sekolah itu sih kadangnya mau tak pikirin ngapain aku belajar lagi di rumah gitu loh di rumah buat istirahat aja terus rujainnya di sekolah supaya ya belajarnya di sekolah gitu hehe
6de8ea5fa5264cc69eda2112582ad94e.mp3,Alhamdulillah ya aku yang bukan original lead dari Jawa soalnya aku dengarkan ke-saksian wawang saya tahu incounter itu membayangkannya saja sudah membuatku mau
71ac896ea0bd4999ac7dad89c7298da1.mp3,"kalau di waktu-waktu SMP, B.I. punya pengalaman apa yang menarik dan iso di cerit anakaro awa IDW yang kubahan reflektif, opot yang kubahan-bahan cerit awai mungkin iso membuat insight baru mengganggu aku"
72d8521b112f41e18dd10ef80365a28a.mp3,"nah hal itu kan secara gak sadar membangkitkan apa ya rasa ingin tahu kita membangkitkan ketrikatan kita dengan negara jepang salah satu adalah dengan budaya yang terdapatkan dalam anima ini berarti buat misalnya makananya kaya ramen, shiushi, miso, ubi, bakar, ubi rebusnya kan itu sangat sangat ikonik ya di anime, beberapa anime"
743e2257e0b74431a35b74f6f416fd47.mp3,"Terus ya, sampai rumah, jadi kami solat dulu, solat dulu, ternyata di sirat-sirat sebentar Nah sebenernya Eireen sekarang awal lagi, barulah solat, aku ada yang pengen keluar meneh, jalan-jalan meneh Eh tapi, jebul kok panas banget, cuaca nih, udah dimalesah Dan akhirnya terus kami cuma di rumah aja, sambil ngomil-ngomil dan ngobrol-ngobrol lagi"
74ce1a63d17545d1b7498e3f36373526.mp3,kalau yang tentang bapakku diceritaini Seng Bakul Wee kalau dia punya penglaris itu kayak gitu tuh kayaknya bukan karena rasa bersalah beliau deh soalnya aku juga pernah dikasih tau ibu kutol orang-orang kayak gitu tuh biasanya emang nganggod dan bangga adonno kaya gak bangga juga cuman kaya kabe huangki ngertiin deegu penglaris
75924cb7b19741648b79719d1f03244b.mp3,"Selain itu waktu SMP, aku dan teman-teman aku juga suka melaksanakan apa namanya, touring, baik naik sebeda ataupun naik motor ya mungkin naik motor agak-agak ilegal ya cuma waktu itu kami melakukan latih-latihan itu jadi kalau naik sebeda, aku pernah jalan-jalan sampai ke Ujung Lapo Paten sekitar 25 kilo naik sebeda dan itu telahkan malam-malam"
7596fd214c6747e4b7f9ec2cbd54c338.mp3,"di tengah banyak informasi, kemudian kencarnya Diplomasi-diplomasi budaya negara lain di dunia seperti adanya kelombang POP, kayak K-POP, G-POP, I-POP dan sebagainya kamu ada nggak sih tempat-tempat yang ingin kamu kunjungi baik itu di dalam negeri ataupun di luar negeri mungkin bisa cerita dong sedikit aja"
776114549bc3417485e7f4717661d387.mp3,"Ya jadi Ipa lagi emang pelajaran saya menurutku anggap banget, terus bisikku ya elak, biasa dia pernah pelajaran Ipa. Tapi ya, karena Ipa kan terus jadi salah satu pelajaran di Ujian Nasional kan, yang nilainya tuh nanti dipakai buat deftar SMA, jadi ya mau gak mau harus pelajaran serius juga buat itu."
77d4a9ff4e01452bb83a2f09efbe9413.mp3,"Cuma ya memang roto anggil sih kadang-kadang, hafizing gue internet-nya, jadi aku beberapa kali ketinggalan info, kalau ada pengumuman-pengumuman yang disamp dikirim di group line, jadi suka lebih lama ngerima ya soalnya aku baru bisa buka waktu pakai laptop."
77e4d3f1c8184e468e53e1f41e39c5be.mp3,"Jadi ini hobi yang selesai dibayar dan saat-saannya orang ambas kemampuan aku gak nyambut gawai juga sih Dan malah ya harus pakai cara-cara yang gak resmi untuk melakuin hobi ini Soalnya kan pen untuk video film, drama, mentahan yang enak, kutu-dunlut sekol, situ-situ tertentu"
785a8634aae74d55afe12d256558bf64.mp3,"Nah disana aku terus dijemput sama temenku itu naik motor Salah aku kan ngambil kendaraan ya jadi, ya gitu lah Dan terus kami sebelum ke rumahnya makan dulu Mampir makan dulu di tempat yang nggak terlalu jauh dari stasiun Ya terus di situ Masih pagi sih tapi ya udah makan aja sekalian"
788215909c9e44ff8ad5ed9aa00238e2.mp3,"Banyak banget ya, padahal kayak gitu-gitu Apa namanya, gak mesti ini kan berhasil dan juga banyak gitu loh kasus-kasus yang akhirnya celaka Dan kayaknya malah akhirnya pasti celaka gak sih Tapi tetep aja, orang-orang pada gak kapok aneh"
7917eb216a8b43c3ae9a2ebc3e08e51f.mp3,"Terus ya akhirnya, Alhamdulillah aku bisa dapat nilai yang lumayan pas UN, pas Usia Nasional dan Alhamdulillah bisa masuk SMA-Nedri yang terbilang favorit gitu ya di kota aku. Terus di SMA pengalaman aku belajar ya udah beda lagi daripada SD sama SMP. Nanti tak sabar mau ngeh cerita nih. Kalau Mas Bunden gimana pengalaman pas SMP dulu?"
793267c564844f13b5c3032437d21268.mp3,"Nah, dulu waktu aku kelas 3, 3 SMA, karena aku pernah tuh pulang diantarin temenku jam 11, ini jam 11 ya, emang masih ramai sih jalan mahalang Terus habis itu, padahal itu tuh aku pulang dari Baja Hedah, tahu lah ya kelas 3 suka ngajing-ngajing gitu kan"
7aa3db1a5fd243aa8b9e8c67a712365c.mp3,"Kalau kamu gimana nih, apakah ada pengalaman yang berkesan dari liburan bersama keluarga yang sempat terdokumentasi atau pun nggak sempelnya terdokumentasi tapi dia tersimpan dalam pikiran dan dikenang secara indah."
7abbb36fb29a4eb5a233ac54852079eb.mp3,"Pas kelas 10, aku ke Melu Ossis bagian seksi keperusahaan, jadi tugas-tugasnya ngurus koperasi sekolah, ngurus TSAU, terus ikulah pakokone, bagian-bagian ekonomi keraiatan dari SMA-SMA yang ada SRE-SMAku. Jok, pas kelas 10, aku pindah dari seksi ke olahragaan."
7ad43c115c2248628c754a7c68f839e9.mp3,"Tapi tempat-tempat utama yang sudah ada di bayanganku, yang pengen tak gunjung itu ya, tempat bisata Alam, terus juga tempat-tempat yang saya di lokasi syuting, film-film apa drama yang aku tonton. Jadi pengen lihat gitu apa adik-adiknya nih, yang saya tak tonton nih kayaknya, oh no, di syuting nih."
7b53156384cf47be87ba692ab9615a94.mp3,"kucing kucing itu kami ambil dari kucing kucing kampung jadi kucing kampung satu kami ambil, kemudian dia punya anak punya anak, punya anak, punya anak nah, lalu lucunya, ah bukan lucunya sih sedihnya kucing ini, dia selalu bergenerasi 3 tahun jadi 2 atau 3 tahun lah jadi misalnya kucing A yang 4 kali kita ambil itu dia akan"
7b6ffd37370b4bf9a44d9c8e7126a733.mp3,"Sekarang hobi kan terus sudah jadi berbasis teknologi semua Pake HP, pake laptop, sudah beda banget dari dulu Kamu inget nggak pertama kali pas punya HP dulu rasanya kayak gimana?"
7bd70a2254ff4ecf8ca35b4f35b0fd2a.mp3,"Oke, cerita pengalaman ku pakai handphone ya. Pertama kali aku punya handphone dulu pas mau masuk SMP, jadi habis lulus SD. Soalnya kayaknya rasanya udah perlu gitu ya mulai perlu buat komunikasi pas di sekolah atau komunikasi sama temen. Jadi dibulehin untuk punya handphone pas itu."
7c7bd00e286c49d6889e15eb591ed045.mp3,Terus ya kecedianku itu di rodo-marake trauma dan sejak itu aku nggak mau lagi kalau nggak ngerjain PR terutama di pelajaran itu dan juga buat pelajaran-pelajaran lain jadi itu kecedianya pas kelas 1 sampai kelas 6 pun aku terdiracin banget ngerjain PR
7d45c3a1858d476eb4becf69b39e41a6.mp3,"kalau pentas buat acara-acara sekolah itu ya biasa ne ga dapet apa-apa sih, paling cuma dapet makan gratis dan ya bisa tampil di depan teman-teman obokak kelas sama guru-guru nah terus baru waktu akhir kelas 10 itu kami mulai pingin lebih serius gitu ya kayak misalnya coba ikut pomba lumba"
7e7c92a2a40a4a1aa5cc808a3adc230b.mp3,"Serius itu pasendahnya meninggalkan, itu lega banget Kayak, nah pas itu aku mikirnya karena masih bocil ya Pas di sana tuh masih bocil Jadi, tenang, gara-gara Kalau mau jajan dan gak takut lagi Soalnya rumah beliau tuh sampingan pas sama warung tempat gue biasa jajan Gak penting banget"
7f771518e032443888714216a9b94a3b.mp3,"Kami dulu ini tuh teman kuliah, terus juga dekat banget sih sama kuliah dulu, terus ya pokoknya sering bukas kompok bareng, obong ngerjain bukas bareng gitu. Dan dari dulu pas kuliah juga udah beberapa kali pengen coba main ke rumahnya tapi ya ternyata gak sempat-sempat sama kuliah dulu."
8045929423494ac4a9a859ca4c9b4ec7.mp3,Terus ya pengen juga nonton pentas teater yang ada di Jepang soalnya aku suka aktor-aktor di sana. Terus juga mungkin wisata kuliner kali ya walaupun agak jarang sih menu yang atau makanan-makanan halal. Tapi kayaknya ya banyak juga kalau mau cari dan gole-gole.
81bd326ec4ca4d68a50157f863aeb965.mp3,"Nah, sekilas olahraganekik itu gampang, kalau menurutku dibandingin sama batminton, kayaknya kelihatan lebih lambat gitu, gak secepat batminton bergerakannya, tapi susah juga sebenarnya, tapi juga dibandingin sama tennis, ini lebih kecil, lamangannya dipakai, jadi kesannya gak terlalu capek gitu ya."
822806f5b2c64879826938d4fd83ad5d.mp3,jadinya waktu itu aku cuma sebagai supporter doang dari teman-temanku yang ikut kerjewaraan daerah sedih selain itu aku kayak juga ikut beberapa ikit deh ekstra kulit cooler kayak team olympia disini aku melu komputer cuma gak harus lagi di sekolah karena kurang pinter di matematikannya
82a10d57b3f84990aa3146162c890b07.mp3,"tapi waktu itu hanya jadi alat komunikasi doang waktu sampai saya tidak sebagai alat yang multi fungsi seperti sekarang mungkin tidak cuma bisa jading doang, ngirim gambar, ngirim foto kemudian masuk web-web yang ringan-ringan bagi sosial dan sebagainya"
83180d393bbe446cb35c88624309c0bf.mp3,"Serem banget, ternyata tuh disitu, Roh Aku pas pertama kali di cerita itu nggak, nggak kalau disitu ternyata pas warung depan beloan itu Tapi memang kalau mau lewat situ aku deg-degan sih, kayaknya memang aku juga takut mau belo off"
84672a1b12f94759af92a135576689e4.mp3,Poyutku pun dulu punya dan hampir menurun di gawanan itu ke umi Tapi Alhamdulillahnya kan udah langsung dibuang sebelum beliau meninggal tuh Pas lagi secara dibuang dulukan itu gawannya sama umi dan saudara-saudara nya jadi aman lah
84df17aee979496082f1041324a12ff1.mp3,wah kalau tempat yang ini kuncinya masih depan ini sesuatu hal yang mungkin kayak impian ya atau mimpi-mimpi yang semoga dapat termujut ke depannya tapi aku kibayan banget berbunjung yang negara jepang kenapa? karena ada beberapa hal yang melatah belakanginya
8500c949f9774209a6370cd16c7aed4a.mp3,"Jadi awal lagi aku berangkat dari kerasahannya kan di sebaru los kuliah, barui COVID-19 selama dua tahun kan gak gerak kemana-mana kita di rumah, terus kerja pun kerja di rumah, nah ternyata itu semakin tidak mengontrol berat badanku dan aku sampai pada tahap yang overweight, abakan obesitas."
8633ba5147a84fbf8d2a70ed371b191c.mp3,"Pengalaman liburan bersama keluarga bisa dibilang agak-agak jarang ya. Jadikan keluarga bui itu biasanya kalau liburan panjang, kayak iklu fitri, kemudian liburan panjang lainnya. Biasanya itu kita menghabiskan waktu di rumah Hesimba, mana kan semua sota eswar juga lebaran di sana."
8684a3fa54994cb787c41f050f30d60b.mp3,"Nama ini Xiaomi. Jadi Xiaomi dulu merupakan suatu anomali yang dia bisa merubah apa namanya landscape penjualan HP di Indonesia. Saya gimana HP HP Gino bisa bersaing karena HP cepat HP Korea, HP HP dari Amerika, dan bahkan produk Nokia Sing sangat-sangat bumi saya gimana. Kalau ini bangkrut deh. Kaga bangkit bener."
87d1a50af61f460ca3431580d59bf950.mp3,"Terus biasanya ya nanti presentasinya gantian dari satu kelompol ke kelompol lain. Kalau buat tugas atau PR mandiri, aku biasanya pakai laptopnya apapakku di rumah, laptopnya apapakku di rumah atau... Nekoraya lho, garam nengwarnet."
886fd0ce719144aea315bc89e0814a31.mp3,"Yaudah sih, liburanku sama keluarga, kaya cenderung pasif gue, Naya Seng Loi, aktif biasanya pas aku liburanku bareng teman-teman pas sekolah dulu. Apalamanmu gimana liburanku bareng teman-teman?"
89033b544575401a8db6fb2bb4f279b3.mp3,"Pertama aku pas SMP itu jenisnya namanya CDMA, nggak tahu apa definisinya tapi Pokomen itu cuma bisa dipakai di belakang, tetap tentu aja kartunya, kartu nomornya Jadi misalnya itu kartu nomornya yang kota A, yang mau ngisah dinggun yang kota A Wobol paling salah provinsi Newe"
899c31a89a084e0281790a4a86dec14c.mp3,"Jadi meskipun kami beda kelas, bahkan sama kakak kelas juga yang beda angkatan, terus sama adik kelas yang terus masuk. Jadi anggota setelah kum, itu kami akrab banget juga. Jadi asik banget menyenangkan latihan ya. Terus latihan rutin kami ya biasanya seminggu sekali cuma buat ya serius tapi lebih ke senang-senang aja."
89b127d9b5344ad0ae68d292872c2c95.mp3,"jadi ini juga berlomba-lomba, tapi cara ini memang bisa membuat SMA kui, dan alam dulu ya kalau kan-kan-kan kaku sebagian besar kui bisa tembus KONOKAPI jadi, kainnya kurup indah tau kui soka SMPA dan SMPB terus ya, barunya kan ya, saya makan, ya, semua yang sudah saya lah saya mau tak cita nih, bye"
8abf9f54f5e544e2ae904f3e6377e798.mp3,"Terus di SMA ini, aku juga lumayan aktif belajar dari organisasi, ya aktif organisasi gitulah. Bukan yang aktif-aktif banget sih, tapi ya lumayan daripada di SMA dulu aku belum ikut apa-apa soalnya."
8bbe82f8fcb44dc0977def2ba398ecbe.mp3,"Nah, buat tiap hari biar semangat belajar atau kerja gitu ya, saya hari-hari aku biasanya suka nyetok makanan, ya, makanan ringan, snack-snack sembilan gitu. Gatau ya, biasanya, nah, sambil ngemil gitu, aku jadi lebih semangat buat belajar sama ngerjain-ngerjain kawian."
8d3823be899548bfa6e6604114a2fb9d.mp3,"Gak, pakai rencana-rencana, terus juga gak nyatet Arb Neng Di Wai ngunut, jadi mau langsung tiba-tiba pengen ke sana Cari mobil sewaan, kolem mobil sewaan, terus langsung berangkat ke Minta tolong untuk diantar ke tempat-tempat wisata yang umum di sana, gitu"
8e6a01e2a36949088452f60569bea790.mp3,"Nah kucing kusati ini tuh kucing yang dia berjenis kelamin jantan warna nya hitam sama putih dan kami di rumah biasa memanggilnya hendis hendis kayaknya hendis kucing ini kami rawat dari sejak dia lahir jadi kan ibu nya kan ibu nya kucing kami dulu, kucing kami yang kami mulai dulu nah kucingnya ini kemudian punya anak aneh hendis namanya nah gak tau kenapa ibu hendis ini hilang"
8f93952bc7534c7aa4e70ec90299b739.mp3,"selain makan baru aku juga dapet hobi baru nah hobi baru adalah lari atau jogging sekilaski jogging-jogging kaya yukur gampang lho yukur juga yukur putusikil, putuh niat, pelaku, melayu, gas, mas rampung ternyata ketika aku mendalam hobi itu semakin dalam semakin lama ternyata gak cuman nyatok sintiputuh ok"
8fde6fbe628f45d48c0ddac6282ecb92.mp3,"Sini obinya tidur, jadi dia itu tidur dari siang sampai sore Nah paginya itu biasanya dia malam hari dia juga tidur, tidur jam jam sepuluh Dan biasanya dia dusun-dusul kamar adek ko, jadi dia tidur berang adek ko di situ Bangun juga subuh-subuh, bangun subuh, terus naring makan, meyong-meyong-meyong begitu Terus kemudian, ya pulang air atau bagaimana, terus siangnya dia tidur lagi"
8fe72ecd2b2e46bfba9c56b080d5ec16.mp3,"Dan duluku aku pernah pengalaman waktu kuliah, makan kutu kayak hampir setiap hari soto deh. Jadi dulu kan ini jaman-jaman suara kan kita bisa beli soto yang banyak saja. Jadi soto tanpa nasi itu 5 ribu ribet banyak. Nah soto itu karena dulu jaman-jaman susah itu kubuat untuk bisa sampai dua kali makan. Jadi sehari cuma model 5 ribu dan menangis di medires cooker bisa dia makan seharian itu dengan 5 ribu ribet."
90435d1afe584c2e833f6f1ae7435e6e.mp3,"Nah, aku yang baca itu, baca bukunya itu merasa tertarik kan ya, tertarik, kemudian merasa enjoy dan ingin tahu lebih Nah, berikan aku habis, aku menjemput tuh lah dari Bebustakaan Terus si pupun jaga malah bilang loh, ini kanggoan loh, cari SMP, cari SMA loh Maksud aku CHD, harap nyira juga"
90442ce394cb4673925707735cec9c03.mp3,"Orangnya cukup eccentric, jadi beliau selalu naik sepeda on-dialnya, dia punya ini, punya apa namanya, punya bell, bell doker yang punya ding dong, ding dong, gitu, jadi sangat-sangat memorable, dan ketika aku waktu itu, waktu kuliah ketemu lagi sama beliau, beliau masih ingat aku, jadi aku merasa happy aja dengan selesaan itu."
906b7fa0ebe049778ec2db88aaca1328.mp3,"Ya emang baru pertama kali sih, tapi tetap nggak bisa-bisa nyobain beberapa kali Akhirnya, mau untuk keringat mergo melayu-melayu Mergo melayu-melayu moya balik, karun jupo balik dan untuk mergo main singpender"
910b548bfb574a35adb16cc615bc3d29.mp3,"Jadi tiap-tiap kelas itu ngirim wakil buat ikutan lomba, itu lomba mapl Nah, karena guru ku juga notice, aku diajak lah untuk gabung ke lomba mapl kui Dan aku mau wakili lomba mapli PS dan Alhamdulillah, kemarin kui aku dapet juara Juara tiga atau dua kalau enggak salah, aku lupa ya"
92c49145bd184f759b25215d59a2d87b.mp3,"Pertama kali aku nyoba olahraga itu tuh karena diajak main sama keluarga besar sebuah-sebuah gitu Jadi pas lipur lebaran mereka aja main bareng dan yaa mainnya itu di lapangan sewaan gitu yaa Dan kami ganti-gantian kayak main nyobain, yaa tanding nyobain mukul-mukul gitu"
93060f1676794b689c9d00588956a1cd.mp3,"Oke, jadi itu cerita tentang hobiku, tapi selain itu ya aku juga berusaha ngakuin kekaitan lain, ya terutama olahraga dan gerak-gerak jalan-jalan keluar gitu, supaya nggak suntuk dan busen dan biar sehat juga. Kalau kamu suka ngakuin olahraga apa?"
95680887becd4dcc983d4ce2a23aa24e.mp3,"pas kelas 3, seperti murid-murid pada umumnya, kini juga sinau belajar rana-laz tambahan, kelas tambahan dan lancar kemudian, kini yang gawa ikin, kelihatan belajar bersama, jadi orang kancang-kancang kukis sinau baring kembali ke sekolah, sekolah sehingga api, sehingga api, sehingga api, sehingga api, sehingga api, kecita"
957887bb9106448e9f4e7daddb97bd63.mp3,"Yang ini kila liburannya wong makir, wong malas kera. Ternyata loe penak jo meng layah layah namo mahbangannya lunga lunga."
95eaaa490d604df4b96d623f0885a764.mp3,"bahkan aku pikir extracolour di masa-masa emak itu masa terbaik karena kita bisa mengexplore minat kita, terhadap beberapa masa kulih kulir jadi kaya aku nonton ya loh, nonton dokument-dokumenter jibang tentang lomba-lomba emak aku kayak treksime dan fresh pack ke masa-masa emak aku ketika aku ikut di vera kulih kulir oh ternyata kita dulu beneran mati-matian ya untuk tembus ke tim utama untuk tembus ke perlombaan daerah dan sebagian-sebagianya"
963c2cb2bab947f48b9d57dddd207ad2.mp3,"Terus yang kedua key, aku pengen banget nonton daerah pegundungan Pegundungan-pegundungan singkat atlan film kah? Kayak film-film, plot of the ring dan sebagainya Ada 3 tempat singkat atlan seperti itu. Pertama daerah New Zealand Daerah Alpin Suiz Sama daerah Kashmir di India Ketiga itu kan, dia berada di elevasi yang tinggi Sehingga membuat geografisnya atau membuat biografisnya menjadi sangat takut"
9752a871f58d424fbf5a3a5f2f30b0ce.mp3,"Oke, aku mau cerita pengalaman belajarku pas di sekolah dulu, berarti mulai dari SD. Pas SD dulu tuh aku rajin banget, ini bukan sombong apa-gimana ya, tapi tenang perekaman dulu aku rajin banget sama SD. Ya, SRECAP SINAUNE, SRECAP LENGAR APR juga."
97d77ce239074d53a10db1d96248e641.mp3,"Cuma kalau disuruh nyebut satu makanan gitu, kayaknya aku bakal jawab soto atau mungkin aku selalu jawab soto. Soalnya aku suka soto, menurutku ini makanan yang enak dan ngangenin gitu rasanya punya, apa ya efek yang nyaman gitu. Isilanya comfort food menurut ya isilahut inggrisi bisa bikin beden dan pikiran jadi endang kalau misalkan lagi banyak pikiran."
98f0c17293c4417fad728a2ec50546a4.mp3,"HP pertama kutuh Nexian, kalau nggak salah, Nexian yang di bekuarti Jadi dulu kan ini ya, kan dulu pakai operator, operator itu dia punya sistem SMS begini Jadi ketika sudah kirim 2 SMS, 3 SMS, terus dapet bonus 1000 SMS atau 500 SMS per hari ini Jadi kami sebagai anak-anak SMP, chatting-an via SMS"
996896db9ab6462c9182708227eb7706.mp3,"Nah, inginnya kami keluar dengan dekat jantung yang sangat-sangat kencang, karena sakit takutnya terbang suasaanah. Dan setelah aku sudah kapok untuk masuk rumah, walaulah rumah itu lagi. Jadi itulah, kayaknya itu terakhir-akhirnya aku masuk ke walaulah rumah itu deh. Setelah itu aku nggak berlain lagi karena takut, takut jantungnya copot karena, ya... Kak seremnya guys, serem-serem, nggak serem cuman."
99742a4e3a304cd68d21087985ce1e7c.mp3,"Karena tanpa persiapan, kami jadi tidak terlalu pergi ke tempat sehingga Tuhan Tuhunu mong sing cedet-cedet aset tersangkau Ya, emang otomatis nanti rame, tempat dekuis kebetulan pas itu juga weekend, jadi wajar rame soalnya itu tempat yang terkenal gitu lah ya"
9a2ad01e2eec46d5832de7e9d4d47a0f.mp3,"Ketika di Makasar, orang Makasari juga punya soto nya sendiri, tapi dia bukan soto, tapi coto Karena kalo soto pake ada hing sapi, kalo coto pake sapi Nah coto ini, dia kuah, pekat, pake kulupak kuaya kecap Disajikan dengan daging sapi atau anjuran-juran sapi kayak jantung, paru, pipi Dan coto ini, hampir ada di setiap sudut Kota Makasar"
9a48a855d8ad4d0096fe0af6bd8cb1aa.mp3,"Menjadi suatu hal yang menyedihkan kalau bahwasanya kita kan udah kerja lumayan laten keras ya Untuk bisa masuk tim roaster saya matahari ya sayangnya Gak masuk karena teman-teman ku tingginya gak nalar lagi ada yang 180 ada 185 Jadi nya aku kalah terus waktu ribun dan aku gak ngasah kemampuan ku untuk shooting Puan-puan tuh tripling ku, jadaknya yang begitu"
9a62ad3e2b0241b8a6a2aea12e404d0d.mp3,"aku kayak pengen diceritain lebih kekuatnya, kayak gimana detaiannya, cuman aku jadi takut nanti kalo mau ke rumahmu, aku kebayang-bayang malahan"
9b72c1cb337b46f8a2fe0ea09c316472.mp3,"nah, ternyata, rasa penasaran cookie cukup tinggi waktu SD jadi aku mulai belajar materi-materi sejarah yang dia itu yang nggak penuhan SD bahkan diperbesarkan ada itu ya, aku lihat ada satu buku itu buku pelajaran sejarah atau IBS dari SMP sama SMA kelas 1, 2, 3, 7, ya 1, 2, 3"
9b781e5ad96f4dad824bce8084347420.mp3,ternyata meskipun nyaling catetan itu tuh beneran di anggap PR terus besoknya tuh ditagi sama beliau ditanyakan siapa nih yang gak ngerjain ya aku angkat tangan doang orang yang gak ngerjain ya terus apa penapohin yaudah yauslah ya pisan-pisan dapat boin gitu kan boin tidak terdip
9bc6726f1ad644e7b194b5b6cfc07d6f.mp3,"iya, emang aku juga ngerasa paling beda, paling seru dan menyenangkan pas SMA sebenernya penasaran sih, kok guru-guru tuh kayak mudah aja gitu misalnya nyuruh kita buat nonton atau kayak ngosongin kelas"
9d097cff9b784238b6a04c4cb0891e93.mp3,Tapi mungkin udah bisa beberapa kali pengen juga coba ke daerah-daerah perdesaannya atau kota-kota lain yang lebih kecil. Itu soalnya banyak juga pengen lihat tempat wisata alam atau daerah-daerah sehingga banyak dikonjungi orang gitu.
9d3cb5d1a4e7488a8b197c83f3842052.mp3,Sampai sekarang perusahaan rutin dua olahraga itu biasanya joging atau jalan cepat sekitar empat sampai lima kali seminggu Terus renang agak jarang sih ini biasanya satu atau dua minggu sekali
9e0ccd027e2b4246b22a2159dc7d6587.mp3,lalu selain itu mereka juga menampilkan beberapa tempat yang berjarah kayak menara Kyoto kemudian Tokyo Tower yang aku gak tau bagaimana bentunya kui terus bagaimana anime kui menunjukkan musim salju di Jepang akhirnya sebagai anak-anak kecil dulu itu ingin tuh merasakan oh bagaimana sih sewasa nakadaan yang seperti yang kita tonton itu
a01eb613006643cfac61d29399ee5e6e.mp3,"Nah, tidak salah, Mak disebutlah bahwa traveling ke Jepang merupakan salah satu agenda spiritual atau ziarahnya para-para dalam utama utif, wibu, untuk mengexplore atau membanggi atau melihat apa yang mereka lihat dari kecil itu, dan mereka akan di serian live. Nah, mungkin aku bingin sih ke sana, patua pertama itu."
a0222843c09b415a85d2911d32eb3f03.mp3,"Sebenernya tidak dibilang produktif juga pas cocok sih, soalnya kira malah kadang iso dangguk KWN Tapi aku tetap senang lakuin ya, dan ya buat selingan aja sih"
a04dc66fa13c4ec2b62313123880fbeb.mp3,"HpNXian ku tuh kayak umurnya sekitar 3 tahun 2 tahun nanti Jadi ikut kakua SMA dan sudah masuk, intara sudah lumayan masuk ke sendir-sendir hidupan Terus HP Kuki ganti jadi HP Android, HP Android yang pernah aku memiliki itu Dia adalah Samsung Galaxy J, jadi dia punya QWERTY sama punya TOSCREEN Aku tak melupakan"
a0ed09b473994b92803a43450f682467.mp3,"paling itu aja sih tempat-tempat yang utamanya pengen tak kunjungi kapan-kapan buat liburan terus itu emang bisa terwujud kalau on a dvd, senyaknya tapi yang terlalu pola saya jadi nyimpi sih dan muka-muka bisa terwujud kapan-kapan"
a1b5929d71e04cf0b8a61bafb985755e.mp3,"Nah, jadi lah pas cedera, ada cedera sehari itu aku sekeluarga menutuskan untuk jalan-jalan sebentar gitu ke daerah di yang namanya, di daerah daerah teran tinggi gitu ya, di Kota Wonosopu itu. Nah, itu pergi kesana sebenarnya agak mendadak dan tanpa persiapan sama sekali."
a1f63e4f137c433ebb2eb5291d578ffe.mp3,"Tapi kami tidak makar terus, besoknya kami tetap pergi ke tempat pisata, tempat-tempat pisata di dekat rumahnya temanku. Jadi rumah temanku ini ada di daerah namanya Trollan. Itu tempat banyak candi-candi sama situs bersejarah di Monsokerto."
a30b753ecea9478ca4cd87f321a4b38b.mp3,"jadi gak inget pas dia senang banget ini, apa? mulai excited karena Mading jalan tuh lho itu aku ya senang banget sih mana akhirnya punya pengelaman lomba Mading juga semoga aku gak salah inget ya ini, aku soal liat tipis-tipis doang kayaknya aku jadi suka Madzala dan layouting, rodnya juga dari dia deh sekaligin itu emang dia tuh pelalanda ngurus beginian betul aku juga ikut Trohis jenis, cuman ya gitu cuman sempat ikut mengerjain ikut ngurus beberapa event doang"
a30b84caa74947bbaecc12ed487538d6.mp3,"itu bukan orang tempatan ngalami kwila, pasti bakal heboh banget wong yang jibikin tetangga new wise, tiap kali kayak gitu, juga tetep heboh dalam diem"
a350e57ed0344216b810b73acfd58db7.mp3,"Terus apakah senenak? Ya enggak tahu, aku belum bilang makanya. Cuma kayak besok kalau aku mau pulang ke Jawa, ke Jogja, aku bertolongin deh cari soto garing itu. Dan aku akan buktikan gimana sih rasanya soto garing itu. Soto jadinya jadinya, soto yang enggak soto. Terus ada juga soto sapi. Nah, ini nabung-nabung, jadi kuahnya-kuahnya bending. Dia kardunya kardu sapi yang dipakai. Dengan irisan sapi yang sangat sedikit, cuman untuk memakan siang sarapan, sorry."
a43d006c59014d06ae8a4f399e84e767.mp3,"ngomongin pegangan, tetangga gue tuh tuh, ada yang punya pegangan tapi kayak penglaris gitu loh, aku gak tau ya, ini cukup menghebuhkan atau enggak cuman setelah aku jatuh nengarpe baca lele ne beliau jatuh aimin ditabre uang, gue kira Nude ini mengaku, Nde ini memang pasang penglaris gitu loh"
a50c2e3327674d1f91dc033fa51a6cf3.mp3,"Terus kami bilang, oh ya mas suwan, mas suwan, mas suwan, mas munggong, munggong, munggong. Dan kami keberisian, ke jalan-jalan dia benar lagi. Nah, sampai pada ini, sampai pada ruangan terakhir, itu kita berada di ruang yang, orang yang kecil, orang yang sempit. Dan tiba-tiba ada seseorang, nggak tahu, hantu mengenai, gimana tau, dia gedar-gedar ini ya, gedar-gedar, dinding sambil lain-lain lari. Diar, diar, diar, diar, atau matis kan kami lari ya sambil ternyata dia ya. Tolong, tolong, tolong, tolong."
a53d435285044aa7b802a4df03b86e23.mp3,"Jadi aku tuh suka banget sama makanan yang namanya Soto Nah, Soto ini kan beda-beda ya, tiap daerah dia memiliki ciri khas khusus Jadi, untuk menge-store rasa soto, tapi cukup menyenangkan sih, hatinya Kini daerah tetap tentu, misalnya jukje karpelaten udah beda rasa soto nya Jukje karpeloru, khusus beda juga rasa soto nya"
a5d9bb3dc4644264bd2fd1d8642f0606.mp3,"kaitannya sama penjajah King ya, kan penjajah itu nek dari segi persenjataan, peralatan segala macem ya kan, weh selengkap ya, Pepak, bianget, bu rambai macem-macem gitu kan nek dibanding karu awa Dewi Singh zaman bikin sangat tradisional ya kan makannya kalah kalau dari peralatan kayak gitu"
a8ba05fd71d14d758fbb1e5cd0ed0fa1.mp3,itu kokil banget jujur tapi untungnya orangnya dah meninggal tapi setiap kali aku misalnya rubaran terus berkunjung tetap harus berkunjung ke rumahnya tuh kayak merasakan sensasi-sensasi yang sama ketika memasuk rumah hantus
a8ef460d943d4e1ea1ee93a96650cf2b.mp3,"Cuma kalau lagi anteng mereka ini lucu banget, apalagi satu yang warnanya loreng hitam gitu, dia senang banget ngelendot-ngelendot dikaki orang-orang, terus naik di loser-loser gitu, ya manut banget. Dan akhir-akhir ini dia pinter banget, jadi nangkep tikus-tikus cili."
a8f336503af642dd86f7f064d6593e8c.mp3,"Nah di Solokui, aku kalau kancaku gini, nginep neng umahhe simbahhe kancaku Rumahnya cukup berada di pusat kota dekat dengan jalan selama teriati Nah, di setulah kami mengenap kemudian kami juga main-main ke beberapa mall atau beberapa tempat di kota Solokui"
aa69cb3a836240baa779cb4e62a7ec86.mp3,inget tapi gak inget sejujurnya aku cukup mengingat-ingat ya kayak gak sadar kalau ternyata aku tuh mengingat kan kamu terus soal PR soalnya kayak ya udah otomatis aja ngajakin ngerasain PR gak sih aku tuh
aadf1be545934e1a96e9d5500e771ca6.mp3,"Nah, besaran pelangkui itulah momen-momen aku, paru keluarga, liburaan jadi kaya-kaya menikmati dinginnya, kaki gunung urbaku, terus kaya juga mampir nih kusata peti estroberi, terus foto-foto yang dara-dara kaki gunung, karo maaman singkas dara konoh."
aaffda5ec9b84dec927fa9c3588b448a.mp3,daeknya hal gini ampe masih lumrah banget ya di sekitar setuatu soalnya literari walaupun posisi banyak ini kan mengancam ya tapi tuh kalo siang ya udah kaya biasa aja aneh sini aku merasanya daek jari ini malah durung tuh hampir hampir tiap rumah ya engga sih ya pokemen banyak banget lah sebenernya itu yang punya kawan
abb776a059de42d9ac82ecca13307524.mp3,"Nah, tujuan akhirnya tuh pokoknya biar bisa ngepat nilai Bagus pas ujianasional atau dulu namanya UASBN. Soalnya nilai UASBN itu dipakai buat jostar SMP kan, nanti pengen masuk SMP negeri Sengapê ya, kayak nilai ini kutuhu apê, terus ya, jadi belajar e sereke banget."
acfb20d5b3c64b67add3f2dc85728d04.mp3,"tetapi ketika terjun dan mendalami itu menjadi suatu hal yang rutinitas, yang menyenangkan, itu malah it's spend most of our servings jadi kaya aku nabung nih, terus eh beli sepatu deh, beli sepatu siapu nabung lagi nih, eh enak nih beli jam, beli jam jadi ini adalah self reward berkedak pemborosan hal ini sebetulnya kita bisa enjoy dengan murah, tapi kita memaharkan hobi itu"
ad03e2b6b00144f680e03cca042a3b44.mp3,"jadi kami berangkat dari blura, kami yang berlalu B kota B di pusat kota B, kemudian kami mulai jam jam 7 jam 9 jam 10 kami sehingga di rumah teman kami yang seperti itu njuk, aku akan caka-caka kuki terus, saya sekitar 2 jaman lah, aku nyebeda aku akan caka-caka kuki jajah sampai wong wong 10, wong ngerolah sebuah kaya wisa ilang banget aku, aku balik subuh dan ngomah lagi"
adea0018e8c94f99872b5f7ab6e2f40f.mp3,tapi aku ya ingat kadang udah kamu ingetin pun gak tak kerjain soalnya iya gak mau aja terus aku ngerjainnya tetep matematik atau kadang kalau beneran males banget kayak mikirnya abis itu liat punya temen kayak gitu inget gak
b028b778711943c78187bf40c26e1dcc.mp3,"Nakuputuran asara nikahan saudara ku ini juga unik gitu ya, karena nggak cuma sehari. Jadi, aku sedihkan acara utama Nengkoni Mantan Sebedo, terus cedera sehari, terus ada acara lagi sedihkan Nengkoni Mantan Selanang."
b163122685d5446f9ecceeaf81ab3b13.mp3,"Cuma suatu kan juga banyak ya jenisnya, jadi tiap daerah di Indonesia punya suatu hasnya sendiri-sendiri Nah itu aku juga nggak selalu suka semua jenis suatu ya Eh orang tau jajel kapeh sih, cuma memang kayaknya ada daerah-daerah tentu yang aku nggak cocok sama rasanya"
b18056d2f4b64ed28b9b6b730da00da9.mp3,"Tapi ya terus karena di SMA pelajaran dan tambah anggel, terus tambah apet juga nasi naudi, menurut kukutu Ono Kansanena. Jadi ini kami sekelas biasanya belajar bareng-bareng buat berjain PR apa, kalau mau ada ujian gitu, kalau mau ada ulangan, kami bahas materi bareng-bareng."
b348f9865530462abf22911829b5b9a8.mp3,"Nah, kami itu malah jarang untuk, katanya, liburan ke lingkota, liburan ke lingkota, untuk paling sempurna di cuca-cuca, nah, tapi, Bapak Kuki pas perjalanan, aku tau bahwa, Bapak Kuki senang banget buat lewat teori-teori pekunungan. Jadi, biasanya kita heku, budalanya biasa lewat teori dan raya kota-kota,"
b34e9e106ccc4eeb9a6797698c1be25a.mp3,"waktu kelas 10, aku pernah ini jadi kami ini kayak membuat menghitung laba bersih dari kupas sekolah yang sempat kami dan nasinya cukup lumayan labanya itu bisa nganti jutaan bahwa lalu selabak kuih, kini itu kokejajan, susu, slack, slack dan kita bagikan ke seluruh murid-murid SMA untuk dimerkanik mati"
b44b5e7ad42c484096253447ecce9d25.mp3,"Nah, dulu waktu kuliah, biasanya sama temen sih. Cuma sekarang dia serang pergi sama temen lebih sering sendiri. Kalau lagi ada duit, biasanya ke mall atau ke restoran yang agak mahal gitu. Tapi palingnya ini jarang cuma beberapa bulan sekali aja."
b49eb77fbd0e4922a7410051132173fa.mp3,"ihh beda banget kaya eh jiwa jiwa ku yang tidak menyukai PR ini tuh malah ada sejak TKD soalnya dulu aku pas TK juga gak suka ngerjain PR ada beberapa kali disuruh menyalin disuruh nulis ulang, disuruh menebak kata itu tuh ada yang gak tak ngerjain yaudah terus tak tinggal gitu aja besoknya ada mode nya suruh ngerjain dulu"
b501df211c5840708c38b6fa2a826a3e.mp3,"Oh ya kami ikut lomba itu, lomba-lomba itu pas udah kelas belas ya jadi kelas 2 SMA Nah setelah lomba-lomba itu, kami ya cuma balik latihan biasa nggak ada latihan khusus"
b68f7e33e5f340c1a83a4c225a5545e5.mp3,aku ki ada temen yang Ibu E jualan Soto Bekari kan beliau bersih sih tapi nah kanan kiri ini kui dong nganggu kui anas yang mungcal-mungcalan kayak apa ya kayak ngasih sesuatu biar saingannya gak laris gitu nah enggak malah ngajak Ibu E bu nganggu bu bin laris gitu ya ada jadi kaya west rasya umum jujur serem sih
b6a4aa6728f5416aa71766515a75cc4c.mp3,"Tapi apaswis tambah gede, jadi makin jarang ke mana-mana, paling cuman sesekali pergi makan bareng aja gitu. Udah jarang banget ke tempat-tempat wisata."
b74989e882614186999bfcc43b33c6e8.mp3,"dan kayaknya sintis ini dia lebih mengdominasi sifat-sifat babaknya kayak ekonia panjang, terspone, dok ketel-ketel, lebat, dan mukanya yang rendah-rendah bulat, dan akwek kuat deh banget kayaknya lebih besar daripada kucing-kucing kampung yang ada di rumah aku."
b8abf45c1d4643209039275e72fcf913.mp3,"Terus sekarang ya HP itu udah makin berkembang banget ya, sekarang HP sangat-sanggih-sanggih banget fungsinya. Terus misalnya liburan ke tempat bisata kita bisa foto-foto pakai HP, diaput ke sosmed juga pakai HP. Jadi gampang banget nyimpen kenangan-kenangan berkesan pas liburan. Kamu inget gak, liburan yang paling berkesan sama keluargamu, apa bisa diceritain ya."
b8b08b848c8d4513bb2b848c9ef7057c.mp3,"dan gue pengalaman yang cukup berkesan ya, maka kan kini jarang-jarang kumpul, kumpul pun juga paling enyak omah waih, mengerjakan sesuatu atau mengerjakan kerjaan rumah, tapi pas pesananan, jadi sekalian kita melihat suasana yang beda, dara kan dara keresan ya, keresan, kemudian dara yang panas, dengan kita ke dara yang agak dingin, dara yang sejuk, itu membuat suatu suasana baru di vorah kita."
b9701008e0fc426b97ba50bdfb1a7835.mp3,"Kalau nggak salah, di sana tuh pakai bumbu taujo gitu buat kuahnya Dan itu pasannya wagu, aneh banget di lidahku, jadi nggak cocok aja emang Cuma emang di sana khasnya gitu, jadi ya orang-orang sana banyak yang suka Unik juga, makanan itu tiap daerah setiap rasa beda-beda, tapi ya pasti ada orang yang suka sama makanan itu"
b9c4fc725b9146c89269ac35867980c0.mp3,"tempat-tempat yang pengen tak datangi buat liburan, itu ya ada meyak banget di dalam negeri, di luar negeri juga. Kalau dari yang dekat-dekat dulu sih, aku pengen banget ke pantai terutama di daerah kunung kita dulu kali ya yang gak terlalu jauh dari rumah."
ba0324d206cf487d9f28c7859871de2f.mp3,"dulu kan waktu SMA lagi bumi-buminya BBM ya jadi komunikasi kita via BBM kemudian ngirim gambar, ngirim file, ditunjang dengan akses yang lebih mudah, wifi di mana-mana, data semakin murah jadi penggunaan HP tuh kayak waktu aku SMA tuh kayaknya semua orang punya HP Android deh atau BBM lah, paling enggak, kuatah ambil SMA eh kok BBM sih, sorry, Gregory atau BBM"
bb2ffc0bc7d64588870071297e66edde.mp3,"Oke, aku mau cerita pengalaman liburanku sekarang sama teman, atau ini lebih dekatnya, aku yang pergi ke rumah temanku sendiri, terus kami di sana jalan-jalan bareng di kota tempat tinggalnya."
befccd6f106449db849a75408030617e.mp3,Menurutku murah banget soalnya kalau dibandingin sama harga Soto di kotaku gitu ya dengan porsi yang lebih kecil bisa di mojokarta itulah Apalagi porsi yang banyak dan harganya juga lebih murah Jadi rasanya pun enak banget
bf5c26a28af3418c8ad5145af9a5a112.mp3,"yang kami datang itu ada danau, lupa nama danaunya apa tapi itu danau, terus kawah-kawah dan ada yang terakhir, candi-candi juga"
c0e11c375e60498ba28f915a7ef46de8.mp3,"ini adalah deskripsi dari peliharaanku, bukan peliharaanku sih peliharaan adek kosing di rumah tapi otomati jadi peliharaan seluruh orang di keluarga itu kalau kamu punya nggak peliharaan kucing yang lucu, menggemaskan mungkin yang bisa diceritain dong gimana kucingmu itu"
c0f152a16426427fa52deafafd8cc92a.mp3,terus tau kalo di jaman kita kan mungkin kayak gitu udah gak happening lagi ya terus kalo di jaman kita kecil kan kayak sisah-sisahnya gitu kan cuman kalo di jaman ini bahe ala Dewi emang itu tuh kayak happening gitu loh nah jari nih bapakku masih ada kaitannya sama penjajah-penjajah gitu
c0fc57fc2b7e485097303b703d2e5a9d.mp3,"suatu saat jika diberi kesempatan dan kemampuan untuk dapat traveling about keluar ataupun kerja ataupun pendidikan, aku ingin ke daerah tersebut semoga suatu saat nanti bisa terwujud"
c26a2d65440645b2857ea2ad10381113.mp3,"aku berharapnya ini perasaanku aja tapi kalau dari kabar, aku denger kabar dari umi itu kayak banyak banget orang-orang di sana itu yang meninggahnya tuh aneh, lho, kayak lama gitu lho ada proses yang jangka waktunya tuh lama, gitu jika, ya berarti bener dong hampir semuanya punya"
c45d691d8e634a7eaf1351ead49791ec.mp3,"Oh iya sama ekonomi juga, hitung-hitungannya di ekonomi itu aku lumayan suka duduk. Jadi ya, pelajaran-pelajaran sosial gitulah. Terus aku tapi juga mulai kurang suka atau, atau anggal gitulah ya si Nauneki, pelajaran Ipa yang mau pengatawan alam. Terutama fisika sama Kimia. Dulu disebutnya cuma Ipa gitu aja sih."
c658dc7995404b41866338e4c12b6689.mp3,"hilang gak tau bakal dia cari tempat baru atau hilang karena dia ambil orang atau sebagainya kemengdak tau juga si entes ini dia adalah perpaduan atau mix race antara lokal dan juga kucing angkora jadi dia melibulu yang sangat bagus punya lebat mukanya bulat tapi kayaknya ibunya kan ini, ibunya kan kucing lokal kayaknya bapaknya angkora"
c6868a266d024b85998f2be21d530ac3.mp3,"Tapi aku inget banget liburan kui, jadi ketika pulang dari lebaran di Rumai Simba di Jogja, nah, kini kini mampir di Seraghen. Waktu kui sedang membukaan yang namanya Musium Sangiran. Jadi pertama-tama ini Musium Sangiran Buka, kini mampir meneh, kini mampir nekonoh."
c819045a783644e482a5c8261e4dfddb.mp3,"Terus pas SMP tuh juga pernah, itu tuh gak terjein gara-gara menyalin catatan Jadi aku kayak ngerasa, alah gak penting Gak berzih, tapi emang kayak apa ya, kurang suka belajar di rumah gitu loh aku Kayak, ngapain sih aku belajar lagi di rumah gitu, terus waktu disuruh nyalin itu tuh kebetulan matematik kayak Oh gak tau kenapa pas itu gak mau, pokoknya gak tak salin"
c82395aa47dc479fbe3239fbd381cbdd.mp3,"Kau di pikir-pikir kenapa ya dulu tuh SD, bisa racin banget. Ya, menurutku soalnya pas SD itu kan aku masih kecil ya, jadi aku ngerasa belum punya bayangan, mau jadi apa, atau sukanya pelajaran apa. Jadi emang manut banget sih karo guru, ke arah Bicinau Opa Wai, Bicinau Opa Oman, ke arah pelajaran ya di Sinaun di Mocongan Tionosik, Bicinaela."
c89469339bda45cd9e03de89f415805b.mp3,"Nah kenapa toh kok aku rancin banget dulu pas SD itu tuh ada satu alasannya Pernah satu kali aku tuh gak masuk sekolah gara-gara Lupa sih kenapa, pokoknya beberapa hari gak masuk sekolah Tapi aku gak nanya seke temen ada PE rapang gak gitu Soalnya zaman dulu kan juga belum ada chat kayak sekarang gitu ya Jadi aku gak nanya-nanya"
c975fd2d92d74309910a1ef939ae460a.mp3,"Nah, misalnya lagi males pergi pergi, omol lagi pokok era nodwite biasanya aku cuma habis ngerjain tugas yang banyak gitu ya, habis ngerjain kerjaan ya paling nonton film beberapa episode drama gitu atau beberapa judul film ini nontonnya ya di rumah H.J."
c98f23661ce440a3b3ff90f70a342e2f.mp3,"Nah kalau ke luar negeri, mungkin aku pengen banget ke Jepang sih Soalnya beberapa tahun terakhir ini lagi suka banget sama aku lagunya, pofilm-filmnya, terus drama TV-nya juga Jadi lumayan belajar dikit-dikit bahasanya juga, terus otomatisnya jadi pengen kapan-kapan jalan-jalan kesana"
c9a6c524f7964ca79bd0c2b439c2e0f3.mp3,"nah tapi aku mencoba untuk konsisten dan alhamdulillah selama dua tahun ini aku bisa mengurangi berat badanku ketika yang mungkin tidak ideal tapi alhamdulillah agak berkurung sedikit nah dan teritulah kesukaanku ternyata pelarga lari bertambah jadi aku sekarang bisa lari sampai dengan 17 kilo, rekor yang paling jauh adalah 17 kilo"
ca5c4beca1744038ac033c3c81f4782f.mp3,"Soalnya waktu itu belum perlu fungsi-fungsi lainnya, jadi yang nggak ada musik, apalagi pemenang kamera atau internet masih belum zaman juga. Hpiki juga lungsuran sekolah omku sehingga WIS2, Hplion juga di lungsur. WIS lah, penting isong gue. Smskaronel pun."
cabeff51c1d54c0aab509707d7fa69ef.mp3,"Terus ada juga nih soto lamungan, dia pake koya, dia pake kuah yang kuning, kasing kerasenya strong, dan juga rambat-rambatnya terasa banget. Terus soto yang paling aneh kurasa itu soto soka raja. Nah soto raja itu soto yang dinergi 3W soka ogak-ogak stupa dumumnya, dinergi grupo anggol kuah-kuahan yang pekat dan sebagainya."
cb245ad315ec40caaf6a83a662aa756b.mp3,"Karena aku suka film sama drama Jepang, biasanya aku nonton beberapa judul itu dari Jepang, terus, ya, nontonnya paling biasanya di Netflix, apun enggak, download dari internet, gitu lah. Jadi ini semacam, jadi semacam reward gitu, hadiah, nah aku habis ngerjain, setelah ngerjain kerjaan yang banyak."
cb2fadbc1ec64309be6ac8cfa33ef394.mp3,"VIE, Center Queue adalah posisi dari basket yang dia tugasnya mengambil rebound kemudian untuk apa namanya, mendefense dan sebagian besar, Center Queue post-rate tinggi tinggi dur-dur lho kedik-gede dan aku nggak terlalu tinggi, walaupun saat queue aku cukup tinggi ya aku kan SMA cukup tinggi ya, 174 dan pertumbuhan ku nggak"
cb983f2341194dc2b03f0ca2ce92ba6a.mp3,"Aposikui Musyum Sangiran, kemudian Musyum Sangiran adalah Musyum S.A.D.K. Ubatan Serakin. Kemudian, Musyum itu memamerkan mengenai sejarah-sejarah manusia purga yang ada di Jawa Terutama. Dia ditemukan di Sungai Lembah Sangiran."
cbc5a7ca19e940dfac3519b02459b340.mp3,"Saat lagi memang, sebenernya aku pas kecil dulu juga udah pernah kayaknya ke tempat-tempat yang hampir sama Didi yang itu Nah jadi sambil cerita-cerita nostalgia gitu"
cbd5478514794022847722c78e1f4927.mp3,"Aku ikut ekspul ini dari kelas 1 ke 10. Biasanya kami latihan seminggu sekali, habis kursi pelajaran sekolah, terus yang main beberapa lagu atau disebut nama lagunya itu kending jawa."
cc4faaa22a954163aeb2126bd53c5b43.mp3,"Cuma ternyata memang susah gak segampang itu, buatku aku gak bisa maskali mainnya Emang desanya aku kurang pinter sih ngak main olahrage, permainan apa olahragesnya, bola kecil gitu Dari pas sekolah dulu, jadi apalagi sekarang pasannya kaku banget terus"
cd10a05a1acf4924afbff32482daa797.mp3,"Ya, itu yang unik ya. Jadi memang tempat persejarah di berbagai dunia, di berbagai wilayah, di Indonesia atau di dunia ini tuh, pasti menarik banyak orang dari dalam negeri, mau peluang negeri buat berkunjung dan belajar di sana. Kalau kamu punya tempat apa buat yang ingin kamu kunjungi di masa depan."
ceecbc133a404104b399e0b7eb0f907c.mp3,Aqu'y ayun fangat gada era hroh pander. WO y computing and
cff6c5f233e14c988e4af4cd1a265883.mp3,"Jadi ya kami gak nyangka gitu ada acara besar kok undang kami cuma tim ex-school sekolah yang gak begitu terkenal, gak benar atau menanglombas juga. Tapi bisa diundang gak cari itu, ternyata memang salah satu proordinator acara event ikutuh, temen kami sendiri jadi dia masih butuh satu pengisi acara buat pemukaan acara event bersebut."
d019a207904143d085b49bb59e2dc3e1.mp3,"terus beberapa hari kemudian dapet kabar katanya yang nabrak kami itu meninggal tapi yaudah sih, saya ingat juga Degyo wong mabuk gitu loh bener banget terakalap buah ulohi"
d119df9e761742cdaf795b72e7229c5c.mp3,"Nah kita tuh agak genit juga sebenernya dulu kan ya waktu kelas 2, kelas 3, aku lupa Nah kan kami sedang antri ya Asli antri Nah kami tuh Ndusul Ndusul Antri yang biar bisa sama Bapak Bapak yang Cantiklah, meditik waktu itu"
d130e7c937f4423e92cead9bcc3dc0f1.mp3,Alhamdulillah teman sekolah SKU atau kami sekolah itu kompak banget karena kami barang-barang terus selama 3 tahun Ya awalnya mungkin pas kelas 1 masih tanggung ya tapi lama-lama jadi kebiasa dan bisa akrep Pohen biasanya kami saling bantu para PR membahas materi neonosing turung paham Terima kasih
d17c4b7c7dc64c2b93f89d8b70d0ea62.mp3,"Untuk saat ini, paling bisa mulai nyicil dari nyobain makanan-makanan cepang yang ada di Indonesia dulu. Oh persiapan ngonuh, makanan favoritmu, apa kempunya cerita tentang makanan favoritmu."
d200922de14c411087b7b510c90a2a59.mp3,"Nah, kelompok aku itu dapat jatah harus masa suatu gitu yang kami kayaknya berlima, kalau nggak salah waktu itu, terus harus cari apa, harus nyiapin banyak sendiri dan bisa sih mau cari resep di internet atau mau ngarang-ngarang Dewi, jajel-jajel Dewi resepnya gitu nggak ada ketentuan khusus."
d2caf3fcab4b40aeb4e07c8558a70cd5.mp3,"nah pas ke lukui, aku kalau kawan kawan itu juga ikhi jalan-jalan ke motor dengan area air terjun dan aku kenok celaka aneh kono dan aku kui kapok banget kapok banget metu-metu kondak-kondak, kondak-kondak, kakijin, kak orang tua hal-hal yang sangat mebekas dinyatan untuk tidak kurang ngajar kepada orang tua"
d3b47137d537429c83fa3dce6f787165.mp3,"cuma ya, makanan-makanan ringan yang kurik-kuri atau se-manis-manis gitu kan nggak baik juga ya kalau sering-sering, jadi akhir-akhir ini aku coba lebih banyak ngambilnya buah-buahan atau minum susu atau minum susu"
d448f57d6a4f42ea92a8f11e075a8df1.mp3,
d474c63e92724948b86c30c22f3acfd9.mp3,"ketika mereka sudah punya buah hati, ketika mereka sudah punya rumah sendiri bukan mereka masih menganggap teman-teman dari DSMP, teman-teman dari AP dan kini saya, saya, saya, saya, saya komunikasi dengan api lah saya saling bantu sharing, saya saling bantu, no no pas saya akan caranya butuh apa, butuh apa, butuh info apa, dikandangin akan saya rapio, didekani kajatan yang kondangannya, no no"
d4ef598065114591981069051495c884.mp3,karena anak-anak di kelas kita tuh pada aktif semua ngambil excelsnya pun gak cuma satu dayanya sehingga nya pasti dua ada gak sih yang tiga atau lebih gitu lagama sendiri bukan yang ngambil banyak gak sih?
d5b2fac7f2b64ae7a471608a3216d7ee.mp3,"Oke, jadi sekitar mungkin setahun apa satu setengah tahun terakhir ini ya, aku tuh punya hobi baru, yaitu bikin editan video, atau apa ya, lebih topatnya tuh kayak ngumpulin, cuplikan-cuplikan adegan scene dari film-film apa drama gitu, terus tak jadi in satu, jadi video pendek, dan digabung sama musik-musik atau dikasih efek-efek visual gitu."
d5d726e10677479aa6b614a43efa5fd4.mp3,"Sebelumnya aku cerita kalau pas SD aku agak belajar semuanya gitu ya, belum punya pelajaran favorit. Nah pas SMP ini aku udah mulai bisa apa ya, punya pelajaran favorit sama pelajaran yang aku kurang suka. Aku terutama suka pelajaran bahasa, bahasa Indonesia, bahasa Inggris, terus matematika juga soal matematika SMP masih kampang sih dulu menurutku."
d67e12cb7224429da50b332eb2fdb799.mp3,"Pengalamanku waktu SMP, jadi SMP ini kayak suatu bagiku ya, kayak suatu fasel untuk memulai sebuah hal-hal baru tuh. Jadi kita kawas, dia mungkin aku sering diantar sama bapak ibu terus sering bergantung banyak pada orang tua. Nah fasel SMP ini fasel aku mulai berteman dengan banyak orang."
d6fda85f14f0428d941a4309ddc4d64d.mp3,"Jadi itu adalah cerita dari saya. Dia pikir ya, kurang ngajar sih kayaknya. Cuma ya jauh-jauh lah. Nah, bahi pribun, apa kerasa yang ada ketika masa-masa saya menyayang mungkin bisa dikenang atau berceritakan pada kami atau kita."
d72e151e596a4e0296f6420e20b3ba2d.mp3,"Nah, pegangannya itu bisa ngebuat dia berubah hujut, jadi maher klien Kalo kita bilang istulannya siluman kali ya Kalo kayak gitu kan, butuh sesuatu untuk dikonsumsi toh Mereka tau Miku Kalo dia butuh sesuatu itu, nyariknya ya emang keluar desa sih Nggak ngambil aneh tentang desa, cuman bagian meteninya adalah"
d78b4f3d1e7e4162bfbdad957e558d87.mp3,"tapi dia antara kucing-kucingku yang pernah di pelihara telah mainin, tersini paling ini sih, paling vote viable karena dia yaitu betul punya besar, punya lebat dan dia manja banget nah, nggak seperti kucing-kucingnya yang kadang-kadang ngeriok, dia cukup kalem kok, jadi nanti aja untuk main gitu dari kita"
d8f88e06845844beb1f0958a4e7bfef1.mp3,kepo banget kan tadi kamu bilang tuh dia nyari mangsaan nya di luar desa tapi kalo misal dia ngawm nih posisi masih di desa terus habis itu ketemu warga desa ya kayak mengansam eksistensinya dia gitu gak sih jadi apa yang terjadi dia ketemu huang desa nya Dewi
d97c8ac55c77446c923adeb965ddecbc.mp3,"dia dihadang oleh berbagai halangan, rintangan termasuk Dewa-Dewa Yudhani tidak suka padanya nah, lanjut dari itu, karena aku sering senang di tritani ya jadi aku, setelah baca itu, baca juga sejarah-jarah Indonesia, jadi kayak Pieto masa perjuangan Indonesia lagi, Jok terus perang-perang Apowais yang di alami Indonesia"
d987bd9061d74ceaa9d0400c54f72050.mp3,"jadi gambar atau video yang dibuat di jepang pasti kuatasnya akan baik tanpa kita memerlukan video rendering atau proses video yang lebih lanjut ini sekalian, selain aku juga mengobati rasa penasaran ku di masa kecil kemudian rasa penasaran ku di masa dewasa atau remaja pelajar bagaimana mereka bekerja dan jadi negara azidaya atau negara dunia pertama"
db2fbac8b35449ff81fb51d31fb167cc.mp3,hmm ya kalau di pikirnya seru banget ya maksudnya kayak bekerja sama tapi mengerjakan PR ya meskipun sebagian agak nyontek-nyontek kan tapi kan dulu kita nge-sen juga nggak pasti full block mencontek paling juga apa namanya kalau misalnya yang isian gitu yang pasti jawabannya baru nyontek ya nggak sih tapi seru kayak tuh keren jadi kayak perter
db7f539b9b3247abad8789fbe1fde7ae.mp3,itu si embah mesti meninggalannya sulit ya kan biasanya wang-wang dua gawen koyong-wang-wang minggalik wangel dulu tuh pernah diceritain bapak kutuh gak ada kenalan gitu sebenernya secara medis west tidak bernyawa tapi secara koyong-wang-wang iseh urep ke lu serem
dbe5aed9727e4930b51f470e6c030c33.mp3,"jadi pengalaman aku ikut ekstra kulit-kulit ataupun ikut koreganisasi sekolah tuh kayaknya dimulai dari masa SMAD di kelas 1, kelas 2, dan kelas 3 nah, di SMA tuh aku ikut beberapa organisasi yang pertama itu OSES yang kedua itu ROES nah, OSES ini aku ikut selama 2 tahun di kelas 10 sama di kelas 11 nya"
dc22458e76594d509e04eba5039ac094.mp3,"tetapi kayaknya penjaga ticket nih tau niatnya dari bojili-bojili ini kan ya jadi ketika salah seorang kami mau ikut ke sana, di stop lah penjaga ticketnya udah mas, segini aja kalian, apa namanya kalian, giliran berikutnya nah padahal tuh harusnya 1 rembongnya tuh bisa 7, 8 sampai 10 orang"
dc6ec2e8a22743008674eb6a83cd9540.mp3,"Kamu kalau bilang PR, ngomongin soal PR, aku tuh jadi mikir kayak agak merasa aneh tapi juga nggak aneh Soalnya orang-orang kan biasanya kalau soal PR tuh males banget ya ngerjain Nah aku tuh nggak, aku tuh dari dulu seseneng itu ngerjain PR Soalnya merasa kalau saat jahitnya belajar sendiri tuh menyebalkan Tapi kalau ngerjain PR kan besoknya tuh bakal di nilai Nah kalau nilainya bagus kan menyenangkan"
dc9a7331408e4248a3ad9110dc237757.mp3,"awal aku mulai, hopi ini tuh sebenernya cuma karena iseng YC nah, akan suka nonton film ya, sama drama, terus kadang pas nonton tuh juga ada, ini ya adegan apasin yang aku suka terus apapun mainnya sih, tak sentengi, nah itu rasanya tuh pengen kayak gabungin bagian-bagian itu, jadi satu video gitu"
dcddddb7223d4d9f8f49ea1918130260.mp3,"Dan sambil makan, ngobrol-ngobrol, cerita-cerita, ngalur-ngitul, ya, banget yang diteritain, banyak-banyak yang diomongin soal. Itu pertama kali ketemu, kayanya setelah lulus, jadi ya, udah sekitar 5 tahun nggak ketemu."
dd3d3a057f164b10804ecc3e84417e52.mp3,dan ya akhirnya terus beberapa tahun kemungkinan ya beberapa tahun setelah lulus ini aku main ke rumahnya
dd43ac94236e4a6f89c92106af880e2b.mp3,"Hoho biasanya kayak gitu, udah ada kesepakatan gak sih? Entah sama yang ada di dalam gawanya atau sama warga disani Soalnya kadang tuh apa ya? Yowis kayak Udah, celana gitu, nyobuh ding, mengasbun Tapi pernah denger kok? Kalo inget"
dd8bd5e78ba343949dd66cded714ec64.mp3,"Akhirnya, baru pas kuliah, aku di beliin smartphone pakai HP yang itu, touch screen ya, sama orang tukang di beliin, dan ini dari smartphone pertamaku. Dan ya akhirnya saya merasakan HP yang ditutul-tutul alias touch screen, ya canggih banget ternyata."
dec67e1d1fa4487ca79980c56c8d7f09.mp3,"Nah, beryal kucing ini aku juga mau cerita, kayaknya kucing ini menjadi penyebab salah satu, rotanya hubungan, pertetanggahan, karena mereka hanya tuduh. Oke, kucing siapa yang anu, yang berak sembarangan, kucing siapa yang kucing sembarangan, kucing siapa yang, apa namanya, ambil makanan yang orang, sehingga itulah, kayaknya di tempat terak itu sedang gencer-gencer pembersian kucing liyar, baik itu ditaruh di tempat lain itu diserilkan."
dfaef032d0924570a785f64d1f4b13ba.mp3,Ini kayaknya aku kalau ketempatmu akan mulai mempertimbangkan lewat dari arah lain deh Gak tahu deh Ah berzikir saja lah banyak-banyak
e0b4a6f0b4ae4d819b9ef6f41496114f.mp3,"Jadi itu makanan favoritku atau my comfort food yang bernama Soto yang berani karagam di kota-kota masing-masing ada Soto Blura, Soto Sokaraja, Soto Lamongan, Soto Banjar, Soto Jogja Nah kamu ada nggak sih makanan yang menjadi favoritku ataupun makanan-makanan yang menjadi your comfort food untuk menghadapi hari atau melepas stress gitu"
e14c8ead928346418ac69ccb3817687a.mp3,"mana kelas kita juga itungannya stabil nggak sih, nilai-nilainya padahal kelasnya yang paling sering dibindah-bindah itu kan buat sebagian orang kayak mempengaruhi belajarnya, nilainya gitu nggak sih tapi emang kokil banget"
e1ae457f45c046e98cd34dcd0c9f011b.mp3,"obi ini aku gak rutin sih yang ngelakuinnya, paling cuma kalau habis nonton film atau drama yang bagus aja dan kalau punya ide gitu aku pengen bikin, ya aku bikin satu video gitu. Cuma ya kadang kalau begitu dapet ide dan udah tau mau bikin editan apa, aku bisa ngerti saya ini nih berjam-jam non-stop malah loe fokus banget nih, gak harap kawian ku di weha ha ha."
e242e119723044c49af3f43a5bea5fad.mp3,"terus aku ngomong deh, iya gak apa-apuk kan menang saran gitu terus aku baca-baca sampai habis kayaknya dan ini Wali Klasco waktu kelas 5 itu dia notice kalau aku itu suka baca sejarah dan kebetulan waktu itu tuh aku lupa ya kelas 5 atau kelas 6 kelas 6 DKAE waktu kelas 6 itu ada lomba ini tombol mapel pelajaran kan"
e2519a3e700a45328991a26ae25f8078.mp3,"terus waktu SMA tuh menurut aku seru banget ya kayak di banding sama SMP sama SD inget nggak dulu kita kalau misal anak-anak pada dispan organisasi atau ekstra gitu nanti kelasnya jadi kosong, auto gitu terus gurunya mau ngajar terus disuruh nonton film itu memorable banget sih"
e2f293132b2c405baef92242a4a97fd3.mp3,di ruang pertama aku inget banget itu ada sesuasok perempuan dan itu perempuan nah menurutkuannya agak ini agak takut ya jadi dia terlihat eh peace peace saya terang dengan damai saya tidak ingin apa-apa peace aku rauh di peace aku setidak damai habis menjukan logo vi peace di ini di apa namanya? di tangannya kemudian ya gitu lah katak aku sedikit kan ya
e35734596c52451bb360843ac48eecf2.mp3,"jujur, pastika, sampai SD kelas satu atau dua gitu aku tuh malah suka banget lagi guruku buat minta maksudnya negat guruku buat minta PR padahal gak ada, dia udah PR buat aku sendiri"
e364970ee1f94739b7072387b936c23d.mp3,"Oh, paham aku ngurung-ngurung berah kayak gini tuh Orang punya uyutku tuh juga belaan gitu loh Saya juga emang belaan dari sebelum-sebelumnya Emang katanya buat ngelindungi diri gitu sih"
e417447a5163415a969cc351944f3343.mp3,"Nah, baru kalau sekolah itu punya acara khusus, acara spesial, misalnya ulang tahun sekolah atau wisuddhaan, kami biasanya dimintang isi, biasanya buat acara-acara itu kami latihannya lebih sering, lebih serius. Misalnya, hari biasa yang mau ngurung jam. Nah, menjelang pentas kiri, jadi telur atau telur setengah jam."
e44fc463cb624ec086f7e59f5f51d96a.mp3,"Oh aku inget aku pernah di ceritanya, kayak gitu tuh satu sama lain kek kadang ngerti naik duai gawang ga lu Terus apa namanya, kayak malih-malih si orang itu tuh juga tetangganya paham Jadi kadang makanya gue lepaskan lagi ga enak cerut diso soalnya Oh kaya, malih kek gawang nih ngonok kaya gitu loh, kaya lucu sih Tapi ga tau jaman dulu tuh kayak lumrah-lumrah aja"
e456a5f0dd164446afc4a50204fee845.mp3,"meskipun aku gak terlalu tinggi, cuma aku nge-enjoy nganuh melubasket kaya ben matukling ratuae, ben dulun-dulun karucah-cah terus kemudian senang omnikasi, senang praktifitas, mulai keringet dan sebagainya tapi sayangnya aku tuh gak kepilih jadi tim rosternya SMAku karena ya pertama aku kan posisinya di center sub indo by broth3rmax"
e48a1e0095024ea2a6a8c7b019922850.mp3,"dan ketika hobi membaca wiki di apriasi oleh orang terdekat aku merasa kaya oh iya ting ternyata gak sia-sia kaya aku menghabiskan banyak sebuah dia, bahwa itu biaya menanjial waktu tenaga mungkin ketika aku divalidasi oh ini ternyata penting loh untuk mengatapan terdepannya dan aku merasa oh aku gak sia-sia di untuk spend segitu banyak yang ketahubi gini"
e4a5697c062e4804be75af29a159aa49.mp3,"Tapi ya, secara keseluruhan gak masalah sih masih bisa ngikutin pelajaran, sekolah dan buat sekolah, buat pelajaran, buat ngecahkan tukas masih lancar-lancar aja."
e62fde8a1c034047ac18ec227981733c.mp3,"Ya, tapi ya lumayan menyenangkan itu pengalaman main bareng-bareng sama sebuah puluh, sudara-sudara soalnya jarang ngumpul kayak gitu. Cuma kalau buat olahraga ya aku milih kayaknya joging aja atau renang diwi. Soalnya kalau dua olahraga ini aku lumayan bisa."
e645170bb55f4b80a2828e19a831e918.mp3,"Oke, cerita belajar pas SMP. Jadi belajar SMP itu menurutku adalah masa di mana aku mulai belajar pakai teknologi, ya kayak ngetek-ngetek pakai komputer, apa cari materi di internet, terus presentasi pakai PowerPoint juga."
e73b8a7ebf1b4c189f04ebf5322baa14.mp3,"Jadi awal itu aku udah lama pengen banget pergi ke luar kota sendiri, terus main-main di sana sendiri gitu. Cuma kasih raku-raku dan gak tahu tujuan, terus ya roti juga sini, misalnya kota tujuan orang-orang sopa-sopo, benar-benar trivian."
e8a9b6a87d2f45f9820894e6f423ca29.mp3,"Nah, terakhir kalau ada waktu luang yang panjang, terus enggak kalau lagi lumayan ada duitnya gitu, biasanya aku juga pengen coba liburan keluar kota, kadang ya sama keluarga, bareng keluarga, atau kadang juga pernah nyoba juga jalan-jalan sendiri."
e8b24530b31b4d32a341b03ae56bdc76.mp3,"Begitu masuk, suasana agak serem nih, karena kaya nih mampu-mampu, bau-bau-bau, trus suasana nih remang-remang, ditambah, soalnya kaya agak-agak serem, dan maik cil. Dan di situ hantunya nggak hantu yang punita, cuma hantu, bener-bener bantu orang, dan di situ..."
e9c9961a7f294956b386c6fd7c6e17a1.mp3,"Oh iya, ngomongin foto dan dokumentasi, aku jadi inget ada salah satu moment klik kita liburan. Cuman, gak sempet untuk terdokumentasi atau foto, karena kuikanya aku pas ke SDD. Itu aja li, kelas 1 atau kelas 2, yang mana HP kejarang bisul ngga foto, bisa pun kamerannya juga gak bagus dan memori jahat kecil."
ea159e4dc0d04f689f452fc7ed381f28.mp3,tau nggak sih pasor tau-tau filen berubah wujud tiba-tiba yang lunc lo di kepala kumalah kuiang nggak ada buahnya sih tapi yaudah ya kayak beda tempat tapi yaudah gitu udah kayak inget duang sih yaudah itu juga makhluk menghibur kan nggak sih cuman kayaknya nggak ada di sekitar kita ya di seberang pulau sana ya kan
eb671da054a74c1fba41dafe80c0c47e.mp3,Tapi alhamdulillah terus aku bisa upgrade HP ke yang tipe GSM ya namanya pas akhir kelas 2 SMP soalnya Pas itu mau ada stadi tour keluar kota Jadi ya alhamdulillah di beliin HP yang baru Terus itu masih HP yang biasa sih
ebcf4971fcec4af281555ca135dc9382.mp3,"Walaupun orangnya tetap solid ya, cuman kayak batasnya tuh jadi tipis gitu Karena pemakluman, pemakluman ada cin, didegat dia dan dia merasa gak apa-apalah Harus dia ngejakan aku pak, padahal kan penjagaan sesungguhnya ya, ada pada Tuhan ya"
ec7828e2b21048d5b65ed658527dc9b2.mp3,"Alhamdulillahnya enggak pernah Dulu banget tuh aku tau lagi pas beliau macam udah habis gitu loh ala eh Jadi pas beliau udah nggak bisa ngapain-ngapain Tahu sih aku gitu eh, melihat beliau pas lagi duduk depan rumah Ya macem-bah-bah yang hanya tersisa tubuh dan pandangannya yang ngawang itulah creepy enough jadi aku Masuk ke dalam ruang mahasil"
ed055752c5634e389dfca081489a6d1a.mp3,"Yang masih pagi gitu, jadi masih seping, nggak terlalu banyak mengunjung dateng. Terus yang unik juga, candi-candidi di terawalan itu banyak, tapi kecil-kecil gitu ya, dan lumayan nyebar misal-misal. Terus dia kelompokkan atau ada kompleks-kompleksnya tersendiri. Tiap kompleksnya itu kecil dan nggak terlalu luas, candinya pun juga nggak besar-besar banget."
ed6f9f80b1df4aed822bfa6b4d1ba951.mp3,"jadinya emang semua orang, gue segera ngerti nih, deki memang nganggu kadang gue deki malah cerita-cerita, dewek kok nengkono, nengkene, terus nganggune, opo gitu tuh kadang malah cerita yaudah emang, udah rasia umum gitu loh kayak apa ya, semua, hampir semua tempat, bakal liat gitu kan, apalagi nih tempat deki, rame gitu loh, naeweep"
eebf6d880a314a2a97194467776f78ea.mp3,"Oke, aku mau cerita tentang kucing peliharaanku, jadi sekarang aku tuh melihara 5 kucing di rumah, ada 5 ekor Sebenarnya ini kucing peliharaanku sekeluarge gitu ya, maksudnya yang ngurus bukan cuma aku sendiri Terutama tuh tanteku sih yang ngurus paling banyak"
ef1ccaeebee64e62982772673bccab63.mp3,"iya jadi masih terjangkau gitu nah yang pantai kunung kita lagi biar aku tahu sih pas cili cuma yaus, suai banget ya jadi pengen banget tolan-tolan saiki"
efd67f797ea64b03aed3651a53adcb25.mp3,"Itu bener sih, why dari SMA aku jadi nggak begitu berambisi, nah tuh lo dalam kerja kan PR Tapi ya, tetap baca, aku senang banget naik semisal ada yang menanyain Kok kamu bisa njawab begini pas tegur-tukaran jawaban?"
f00f524ccff94adeb5a9cf48762e7e87.mp3,"Terus pancen teknologi HP kicap banget ya berkembang ya pas aku kelas 2 SMP, tuh teman-temanku udah mulai banyak yang pakai HP touchscreen. Terus kayaknya HP Android pertama itu juga munculnya sekitar waktu itu ya. Nah, komen pas kui aku ngomong banget nih dulu HP touchscreen kaya, wah jangis banget ya, jangis tenang."
f037725490624ec88e8266f87c9e2b21.mp3,"Jok agere pas kene pasang, wih udah di ramyusas sekolahan Jadi wawang dotekwantar foto gurudur ke fotokabel Kok manis banget sih kicacak kata SMA? Kata-kata keras banget Nah terus, barang gue kena di sidang, pernah di sekolah Jadi gurunnya kemelabuh, semua remeleng, bla-bla-bla-bla-bla-bla-bla-bla-bla"
f07e5ce0d26c4604aedbba8532b0ca77.mp3,"lalu malah makin parah pas SMA, soalnya kenapa? kan dulu kita pas SMA kadang PR kayak dinilai gak dinilai gitu kan? makin males dong kayak, yang apain aku ngerjain PR tapi gak dinilai atau jarang dinilai udah, aku bakal ngerjain apa yang tak senengin doang itu juga kayak kita tuh sering ngetukaran contek-contek kan kan? jadi kayak, yaudah gak usah ngerjain nanti kita tuh keren PR aja"
f09d639c48ca4dbdaab211a56cb10a82.mp3,"terus sama ini, waktu kulah sempat, SD aku punya guru yang sangat, sangat apa ya? keren, Pak Javan Deki, sangat gala dia itu, hobby ini, hobby-hobby, nyelontik, nyelontik, nyelontik, ah no, pasin-pasin naka, londa blok jadi beliau dinamain Pak Jari, karena suka ini, Jari suka, cedik, cedik gitu"
f0bb2ecdee824efbaca5be19441023ab.mp3,"Sayangnya setelah beberapa tahun, mungkin ada kayak 15 tahun itu, aku nggak pernah lagi mewunjungi Moesium Sangiran. Ya, semoga suatu saat ada kesempatan untuk mewunjungi Moesium tersebut."
f0c23145e12f42b099dc3fe10f021376.mp3,"Jadi itu pengalamanku di kegiatan ex-school pas SMA dulu. Ya menyerangkan banget kalau diinget-inget sekarang. Ada masanya dulu bisa serius banget ngerjain dan latihan buat suatu hal. Dan senang banget menjalankan orang stress, orang mumet bless. Dan ya hampir gak bisa lagi ya dilakuin lagi sekarang."
f118378a134a4daebf8befd18e8b4fc5.mp3,"Tapi akhirnya ya pas mulai SMP sih, baru aku bisa lebih ngatur belajar gue sendiri dan gak terlalu sepaneng banget lah sama semua pelajaran. Kayaknya ya mulai bisa ngatur, aku suka banyak pelajaran apa sama kayak pritma belajar gue sendiri gitu."
f19721acb7c748378b896fabeee87323.mp3,"Pokoknya tiap NPR, aku pasti langsung garap hari itu juga Dan orang tak tunda-tunda langsung tak garap Terus kalau arah onulangan, aku juga mesti belajar dari beberapa hari sebelumnya KPH Maternitas Sinauni dan pas Nengkelas, aku juga rajin banget pas nyata pas STBN"
f4fe6bc8feea476086b067000ac1db0b.mp3,"dan aku nemu salah satu buku yang mengapik banget judulnya Iki Odesius seorang raja dari Itaca yang pergi ke Trojan dan dia kehilangan arah untuk kembali pulang ke rumahnya yang di Itaca itu, dia meninggalkan satu seorang istri satu orang anak dan dia dia"
f50381ffc92445f9abd92f3dc470b0e3.mp3,"Tapi apapun kan aku emang rangka-repehre. Jadi ya, cusur ke guru pelajaran itu dan emang, ya kebetulan guru pelajaran ikut rotok kalau nolah tadi beliau rotok nyanyi aku."
f6a9cb66816849a2b3799f382eaf13fa.mp3,"Janganlah, saya harjikan cakuki Dan ini, ini, saya merasa bersalah, sapa-sapa, terus ini, ini dalamnya lah, nangis-nangis, sapa-sapa Terus, ini, matu kok kelas, disuap-matingin, waw, brexit, demokiling, mahal karyana-karyana lho Lumah karyana sangat-sangat beragus-beragus, tapi ya, akhirnya, akhirnya menghilang Tapi, itu hal yang menyenangkan, itu dikenangkan, cuma diketikkan, ini Karena, ya, wanih banget, ya, karna guru, jaman SMA"
f8c9765a531f44f4ba057774d94ae43a.mp3,"Ya wey, jadi kami terima acara itu, dan kami pomen teman-teman berusaha bersiapin banget tampil di acara itu. Women latihannya jauh lebih serius daripada pas arp melomba-lomba kaya dan kebetulan juga acara itu pas adwis rampung ujian semesteran. Jadi kami bisa latihan tiap hari dan bisa mandi beberapa jam gitu lah latihan nih."
f9301c56a27247afafde3d5f115db56a.mp3,"iya sih bener banget, kadang nonton kucing gelut, atau pun kucing santai, kuliran, bisa menjadi stress releasing ya jadi ini tambah mood, tambah semangat, bahkan untuk mengerjakan sesuatu hal-hal yang mungkin kita nggak suka ketika lihat kucing, gelut, atau keserkejaran, itu yang mas semangat nah ada nggak sih, ada nggak sih momen yang bikin kamu semangat, atau pun itu yang menaikkan moodmu akhir-akhir ini"
f95889bdf6064a96958bba321533c65f.mp3,"Satu hal yang cukup mengesan, mengesanannya cukup dapat dikenang, yaitu waktu kami ingin pergi ke rumah hantu. Ini pengalaman cukup lucu ya, jadi kami yang masih kelas 2, saya sampai saat itu, pergi untuk melihat rumah hantu yang cukup serem, patuh di solong itu."
fbcd2e2018c74808b9d4ed3e2a39eca4.mp3,"ok, ngomongin tentang pengalaman makanan gak menyenangkan aku tuh juga pernah tau makanan yang menurut kegi agak aneh rasanya juga ya nah mereka pacok pacok ini makanan khas dari Sulawesi saya rasanya yuk mi dia adalah sasi mine kerasi Sulawesi, jadi sasi mie lokal dia dibuat dari ikan mentah"
fc877a0d4b89497db182cfbcafdee847.mp3,"Dan dengan adanya perkembanggep logi, mengambil foto pun gampang, jadi kita cuma bisa ambil foto, kita bisa mengabadikan momen, dan kita pun bisa menyimpan itu di file-file-drive ataupun file-plot yang kemungkinan untuk korup atau bulan rosaknya kecil."
fd724491ca8940eb973a28b68ade9ef8.mp3,"Jadi, hal yang paling berkesan atau salah satu yang paling berkesan selama SMA itu emang ini sih kegiatan ekstra-kulikuler sama organisasi gitu. Jadi, selain belajar akademik juga bisa ikut kegiatan macem-macem di ex-school sama organisasi kalau pengalamanmu gimana ikut organisasi sama ex-school dulu waktu sekolah."
fdfba664f4264094aa2c167076c1416d.mp3,"Nah biasanya kami sekeluarga itu baru pergi ke luar kota, itu naik sekalian ada acara di sana. Misal, nah, bukan masa data sekenikah, hopo anak-anak perluan tertentu gitu. Baru kami pergi ke acara itu, terus isan jalan-jalan di sana."
ffb00363ae354ac69eac7c90255648a2.mp3,kecedainya itu kan pasti pas wayahnya orang-orang tuh dah pada istirahat jadi ya suara pas dia berubah itu tuh ya kedengaran gitu kan nah pas keluar dari rumah melewati rumah-rumah tetangga tuh juga kergernya tuh kedengaran
ffcebfe3a3a9433b90b6f6344e0f4728.mp3,"Terus, pas ulangan, pas SDBN ya, aku ya serke banget, si Naune, karena takut dapetin lagi jelek. Terus, emang sekolah aku juga siapan jalan ulangan tengah semester, apa, semesteran gitu. Buat anak kelas 5 atau 6 sih biasanya pas udah gede. Ada pelajaran tambahan, sore sore gitu."
